seqNo,taskId,rootIndex,rootHash,opmagic,leafIndex,leafHash,coreType,psgId,wrapId,staticSuccCount,successors
0,0,0,7864202271224672418,10009,0,0,4,0,-1,7,1,2,3,4,5,6,7
0,1,0,7864202271224672418,10006,4,10979563706054996329,4,1,-1,1,8,33292292,33357828,33423364,33488900,33554436,32440324,32505860,32571396,32636932,32702468,32768004,32833540,32899076,32964612,33030148,33095684,33161220,33226756,31588356,31653892,31719428,31784964,31850500,31916036,31981572,32047108,32112644,32178180,32243716,32309252,32374788,30736388,30801924,30867460,30932996,30998532,31064068,31129604,31195140,31260676,31326212,31391748,31457284,31522820,29884420,29949956,30015492,30081028,30146564,30212100,30277636,30343172,30408708,30474244,30539780,30605316,30670852,29032452,29097988,29163524,29229060,29294596,29360132,29425668,29491204,29556740,29622276,29687812,29753348,29818884,28180484,28246020,28311556,28377092,28442628,28508164,28573700,28639236,28704772,28770308,28835844,28901380,28966916,27328516,27394052,27459588,27525124,27590660,27656196,27721732,27787268,27852804,27918340,27983876,28049412,28114948,26476548,26542084,26607620,26673156,26738692,26804228,26869764,26935300,27000836,27066372,27131908,27197444,27262980,25624580,25690116,25755652,25821188,25886724,25952260,26017796,26083332,26148868,26214404,26279940,26345476,26411012,24772612,24838148,24903684,24969220,25034756,25100292,25165828,25231364,25296900,25362436,25427972,25493508,25559044,23920644,23986180,24051716,24117252,24182788,24248324,24313860,24379396,24444932,24510468,24576004,24641540,24707076,23068676,23134212,23199748,23265284,23330820,23396356,23461892,23527428,23592964,23658500,23724036,23789572,23855108,22216708,22282244,22347780,22413316,22478852,22544388,22609924,22675460,22740996,22806532,22872068,22937604,23003140,21364740,21430276,21495812,21561348,21626884,21692420,21757956,21823492,21889028,21954564,22020100,22085636,22151172,20512772,20578308,20643844,20709380,20774916,20840452,20905988,20971524,21037060,21102596,21168132,21233668,21299204,19660804,19726340,19791876,19857412,19922948,19988484,20054020,20119556,20185092,20250628,20316164,20381700,20447236,18808836,18874372,18939908,19005444,19070980,19136516,19202052,19267588,19333124,19398660,19464196,19529732,19595268,17956868,18022404,18087940,18153476,18219012,18284548,18350084,18415620,18481156,18546692,18612228,18677764,18743300,17104900,17170436,17235972,17301508,17367044,17432580,17498116,17563652,17629188,17694724,17760260,17825796,17891332,16252932,16318468,16384004,16449540,16515076,16580612,16646148,16711684,16777220,16842756,16908292,16973828,17039364,15400964,15466500,15532036,15597572,15663108,15728644,15794180,15859716,15925252,15990788,16056324,16121860,16187396,14548996,14614532,14680068,14745604,14811140,14876676,14942212,15007748,15073284,15138820,15204356,15269892,15335428,13697028,13762564,13828100,13893636,13959172,14024708,14090244,14155780,14221316,14286852,14352388,14417924,14483460,12845060,12910596,12976132,13041668,13107204,13172740,13238276,13303812,13369348,13434884,13500420,13565956,13631492,11993092,12058628,12124164,12189700,12255236,12320772,12386308,12451844,12517380,12582916,12648452,12713988,12779524,11141124,11206660,11272196,11337732,11403268,11468804,11534340,11599876,11665412,11730948,11796484,11862020,11927556,10289156,10354692,10420228,10485764,10551300,10616836,10682372,10747908,10813444,10878980,10944516,11010052,11075588,9437188,9502724,9568260,9633796,9699332,9764868,9830404,9895940,9961476,10027012,10092548,10158084,10223620,8585220,8650756,8716292,8781828,8847364,8912900,8978436,9043972,9109508,9175044,9240580,9306116,9371652,7733252,7798788,7864324,7929860,7995396,8060932,8126468,8192004,8257540,8323076,8388612,8454148,8519684,6881284,6946820,7012356,7077892,7143428,7208964,7274500,7340036,7405572,7471108,7536644,7602180,7667716,6029316,6094852,6160388,6225924,6291460,6356996,6422532,6488068,6553604,6619140,6684676,6750212,6815748,5177348,5242884,5308420,5373956,5439492,5505028,5570564,5636100,5701636,5767172,5832708,5898244,5963780,4325380,4390916,4456452,4521988,4587524,4653060,4718596,4784132,4849668,4915204,4980740,5046276,5111812,3473412,3538948,3604484,3670020,3735556,3801092,3866628,3932164,3997700,4063236,4128772,4194308,4259844,2621444,2686980,2752516,2818052,2883588,2949124,3014660,3080196,3145732,3211268,3276804,3342340,3407876,1769476,1835012,1900548,1966084,2031620,2097156,2162692,2228228,2293764,2359300,2424836,2490372,2555908,917508,983044,1048580,1114116,1179652,1245188,1310724,1376260,1441796,1507332,1572868,1638404,1703940,65540,131076,196612,262148,327684,393220,458756,524292,589828,655364,720900,786436,851972
0,2,0,7864202271224672418,10005,4,10979563706054996329,4,1,-1,1,8,33292292,33357828,33423364,33488900,33554436,32440324,32505860,32571396,32636932,32702468,32768004,32833540,32899076,32964612,33030148,33095684,33161220,33226756,31588356,31653892,31719428,31784964,31850500,31916036,31981572,32047108,32112644,32178180,32243716,32309252,32374788,30736388,30801924,30867460,30932996,30998532,31064068,31129604,31195140,31260676,31326212,31391748,31457284,31522820,29884420,29949956,30015492,30081028,30146564,30212100,30277636,30343172,30408708,30474244,30539780,30605316,30670852,29032452,29097988,29163524,29229060,29294596,29360132,29425668,29491204,29556740,29622276,29687812,29753348,29818884,28180484,28246020,28311556,28377092,28442628,28508164,28573700,28639236,28704772,28770308,28835844,28901380,28966916,27328516,27394052,27459588,27525124,27590660,27656196,27721732,27787268,27852804,27918340,27983876,28049412,28114948,26476548,26542084,26607620,26673156,26738692,26804228,26869764,26935300,27000836,27066372,27131908,27197444,27262980,25624580,25690116,25755652,25821188,25886724,25952260,26017796,26083332,26148868,26214404,26279940,26345476,26411012,24772612,24838148,24903684,24969220,25034756,25100292,25165828,25231364,25296900,25362436,25427972,25493508,25559044,23920644,23986180,24051716,24117252,24182788,24248324,24313860,24379396,24444932,24510468,24576004,24641540,24707076,23068676,23134212,23199748,23265284,23330820,23396356,23461892,23527428,23592964,23658500,23724036,23789572,23855108,22216708,22282244,22347780,22413316,22478852,22544388,22609924,22675460,22740996,22806532,22872068,22937604,23003140,21364740,21430276,21495812,21561348,21626884,21692420,21757956,21823492,21889028,21954564,22020100,22085636,22151172,20512772,20578308,20643844,20709380,20774916,20840452,20905988,20971524,21037060,21102596,21168132,21233668,21299204,19660804,19726340,19791876,19857412,19922948,19988484,20054020,20119556,20185092,20250628,20316164,20381700,20447236,18808836,18874372,18939908,19005444,19070980,19136516,19202052,19267588,19333124,19398660,19464196,19529732,19595268,17956868,18022404,18087940,18153476,18219012,18284548,18350084,18415620,18481156,18546692,18612228,18677764,18743300,17104900,17170436,17235972,17301508,17367044,17432580,17498116,17563652,17629188,17694724,17760260,17825796,17891332,16252932,16318468,16384004,16449540,16515076,16580612,16646148,16711684,16777220,16842756,16908292,16973828,17039364,15400964,15466500,15532036,15597572,15663108,15728644,15794180,15859716,15925252,15990788,16056324,16121860,16187396,14548996,14614532,14680068,14745604,14811140,14876676,14942212,15007748,15073284,15138820,15204356,15269892,15335428,13697028,13762564,13828100,13893636,13959172,14024708,14090244,14155780,14221316,14286852,14352388,14417924,14483460,12845060,12910596,12976132,13041668,13107204,13172740,13238276,13303812,13369348,13434884,13500420,13565956,13631492,11993092,12058628,12124164,12189700,12255236,12320772,12386308,12451844,12517380,12582916,12648452,12713988,12779524,11141124,11206660,11272196,11337732,11403268,11468804,11534340,11599876,11665412,11730948,11796484,11862020,11927556,10289156,10354692,10420228,10485764,10551300,10616836,10682372,10747908,10813444,10878980,10944516,11010052,11075588,9437188,9502724,9568260,9633796,9699332,9764868,9830404,9895940,9961476,10027012,10092548,10158084,10223620,8585220,8650756,8716292,8781828,8847364,8912900,8978436,9043972,9109508,9175044,9240580,9306116,9371652,7733252,7798788,7864324,7929860,7995396,8060932,8126468,8192004,8257540,8323076,8388612,8454148,8519684,6881284,6946820,7012356,7077892,7143428,7208964,7274500,7340036,7405572,7471108,7536644,7602180,7667716,6029316,6094852,6160388,6225924,6291460,6356996,6422532,6488068,6553604,6619140,6684676,6750212,6815748,5177348,5242884,5308420,5373956,5439492,5505028,5570564,5636100,5701636,5767172,5832708,5898244,5963780,4325380,4390916,4456452,4521988,4587524,4653060,4718596,4784132,4849668,4915204,4980740,5046276,5111812,3473412,3538948,3604484,3670020,3735556,3801092,3866628,3932164,3997700,4063236,4128772,4194308,4259844,2621444,2686980,2752516,2818052,2883588,2949124,3014660,3080196,3145732,3211268,3276804,3342340,3407876,1769476,1835012,1900548,1966084,2031620,2097156,2162692,2228228,2293764,2359300,2424836,2490372,2555908,917508,983044,1048580,1114116,1179652,1245188,1310724,1376260,1441796,1507332,1572868,1638404,1703940,65540,131076,196612,262148,327684,393220,458756,524292,589828,655364,720900,786436,851972
0,3,0,7864202271224672418,10004,4,10979563706054996329,4,1,-1,1,8,33292292,33357828,33423364,33488900,33554436,32440324,32505860,32571396,32636932,32702468,32768004,32833540,32899076,32964612,33030148,33095684,33161220,33226756,31588356,31653892,31719428,31784964,31850500,31916036,31981572,32047108,32112644,32178180,32243716,32309252,32374788,30736388,30801924,30867460,30932996,30998532,31064068,31129604,31195140,31260676,31326212,31391748,31457284,31522820,29884420,29949956,30015492,30081028,30146564,30212100,30277636,30343172,30408708,30474244,30539780,30605316,30670852,29032452,29097988,29163524,29229060,29294596,29360132,29425668,29491204,29556740,29622276,29687812,29753348,29818884,28180484,28246020,28311556,28377092,28442628,28508164,28573700,28639236,28704772,28770308,28835844,28901380,28966916,27328516,27394052,27459588,27525124,27590660,27656196,27721732,27787268,27852804,27918340,27983876,28049412,28114948,26476548,26542084,26607620,26673156,26738692,26804228,26869764,26935300,27000836,27066372,27131908,27197444,27262980,25624580,25690116,25755652,25821188,25886724,25952260,26017796,26083332,26148868,26214404,26279940,26345476,26411012,24772612,24838148,24903684,24969220,25034756,25100292,25165828,25231364,25296900,25362436,25427972,25493508,25559044,23920644,23986180,24051716,24117252,24182788,24248324,24313860,24379396,24444932,24510468,24576004,24641540,24707076,23068676,23134212,23199748,23265284,23330820,23396356,23461892,23527428,23592964,23658500,23724036,23789572,23855108,22216708,22282244,22347780,22413316,22478852,22544388,22609924,22675460,22740996,22806532,22872068,22937604,23003140,21364740,21430276,21495812,21561348,21626884,21692420,21757956,21823492,21889028,21954564,22020100,22085636,22151172,20512772,20578308,20643844,20709380,20774916,20840452,20905988,20971524,21037060,21102596,21168132,21233668,21299204,19660804,19726340,19791876,19857412,19922948,19988484,20054020,20119556,20185092,20250628,20316164,20381700,20447236,18808836,18874372,18939908,19005444,19070980,19136516,19202052,19267588,19333124,19398660,19464196,19529732,19595268,17956868,18022404,18087940,18153476,18219012,18284548,18350084,18415620,18481156,18546692,18612228,18677764,18743300,17104900,17170436,17235972,17301508,17367044,17432580,17498116,17563652,17629188,17694724,17760260,17825796,17891332,16252932,16318468,16384004,16449540,16515076,16580612,16646148,16711684,16777220,16842756,16908292,16973828,17039364,15400964,15466500,15532036,15597572,15663108,15728644,15794180,15859716,15925252,15990788,16056324,16121860,16187396,14548996,14614532,14680068,14745604,14811140,14876676,14942212,15007748,15073284,15138820,15204356,15269892,15335428,13697028,13762564,13828100,13893636,13959172,14024708,14090244,14155780,14221316,14286852,14352388,14417924,14483460,12845060,12910596,12976132,13041668,13107204,13172740,13238276,13303812,13369348,13434884,13500420,13565956,13631492,11993092,12058628,12124164,12189700,12255236,12320772,12386308,12451844,12517380,12582916,12648452,12713988,12779524,11141124,11206660,11272196,11337732,11403268,11468804,11534340,11599876,11665412,11730948,11796484,11862020,11927556,10289156,10354692,10420228,10485764,10551300,10616836,10682372,10747908,10813444,10878980,10944516,11010052,11075588,9437188,9502724,9568260,9633796,9699332,9764868,9830404,9895940,9961476,10027012,10092548,10158084,10223620,8585220,8650756,8716292,8781828,8847364,8912900,8978436,9043972,9109508,9175044,9240580,9306116,9371652,7733252,7798788,7864324,7929860,7995396,8060932,8126468,8192004,8257540,8323076,8388612,8454148,8519684,6881284,6946820,7012356,7077892,7143428,7208964,7274500,7340036,7405572,7471108,7536644,7602180,7667716,6029316,6094852,6160388,6225924,6291460,6356996,6422532,6488068,6553604,6619140,6684676,6750212,6815748,5177348,5242884,5308420,5373956,5439492,5505028,5570564,5636100,5701636,5767172,5832708,5898244,5963780,4325380,4390916,4456452,4521988,4587524,4653060,4718596,4784132,4849668,4915204,4980740,5046276,5111812,3473412,3538948,3604484,3670020,3735556,3801092,3866628,3932164,3997700,4063236,4128772,4194308,4259844,2621444,2686980,2752516,2818052,2883588,2949124,3014660,3080196,3145732,3211268,3276804,3342340,3407876,1769476,1835012,1900548,1966084,2031620,2097156,2162692,2228228,2293764,2359300,2424836,2490372,2555908,917508,983044,1048580,1114116,1179652,1245188,1310724,1376260,1441796,1507332,1572868,1638404,1703940,65540,131076,196612,262148,327684,393220,458756,524292,589828,655364,720900,786436,851972
0,4,0,7864202271224672418,10003,4,10979563706054996329,4,1,-1,1,8,33292292,33357828,33423364,33488900,33554436,32440324,32505860,32571396,32636932,32702468,32768004,32833540,32899076,32964612,33030148,33095684,33161220,33226756,31588356,31653892,31719428,31784964,31850500,31916036,31981572,32047108,32112644,32178180,32243716,32309252,32374788,30736388,30801924,30867460,30932996,30998532,31064068,31129604,31195140,31260676,31326212,31391748,31457284,31522820,29884420,29949956,30015492,30081028,30146564,30212100,30277636,30343172,30408708,30474244,30539780,30605316,30670852,29032452,29097988,29163524,29229060,29294596,29360132,29425668,29491204,29556740,29622276,29687812,29753348,29818884,28180484,28246020,28311556,28377092,28442628,28508164,28573700,28639236,28704772,28770308,28835844,28901380,28966916,27328516,27394052,27459588,27525124,27590660,27656196,27721732,27787268,27852804,27918340,27983876,28049412,28114948,26476548,26542084,26607620,26673156,26738692,26804228,26869764,26935300,27000836,27066372,27131908,27197444,27262980,25624580,25690116,25755652,25821188,25886724,25952260,26017796,26083332,26148868,26214404,26279940,26345476,26411012,24772612,24838148,24903684,24969220,25034756,25100292,25165828,25231364,25296900,25362436,25427972,25493508,25559044,23920644,23986180,24051716,24117252,24182788,24248324,24313860,24379396,24444932,24510468,24576004,24641540,24707076,23068676,23134212,23199748,23265284,23330820,23396356,23461892,23527428,23592964,23658500,23724036,23789572,23855108,22216708,22282244,22347780,22413316,22478852,22544388,22609924,22675460,22740996,22806532,22872068,22937604,23003140,21364740,21430276,21495812,21561348,21626884,21692420,21757956,21823492,21889028,21954564,22020100,22085636,22151172,20512772,20578308,20643844,20709380,20774916,20840452,20905988,20971524,21037060,21102596,21168132,21233668,21299204,19660804,19726340,19791876,19857412,19922948,19988484,20054020,20119556,20185092,20250628,20316164,20381700,20447236,18808836,18874372,18939908,19005444,19070980,19136516,19202052,19267588,19333124,19398660,19464196,19529732,19595268,17956868,18022404,18087940,18153476,18219012,18284548,18350084,18415620,18481156,18546692,18612228,18677764,18743300,17104900,17170436,17235972,17301508,17367044,17432580,17498116,17563652,17629188,17694724,17760260,17825796,17891332,16252932,16318468,16384004,16449540,16515076,16580612,16646148,16711684,16777220,16842756,16908292,16973828,17039364,15400964,15466500,15532036,15597572,15663108,15728644,15794180,15859716,15925252,15990788,16056324,16121860,16187396,14548996,14614532,14680068,14745604,14811140,14876676,14942212,15007748,15073284,15138820,15204356,15269892,15335428,13697028,13762564,13828100,13893636,13959172,14024708,14090244,14155780,14221316,14286852,14352388,14417924,14483460,12845060,12910596,12976132,13041668,13107204,13172740,13238276,13303812,13369348,13434884,13500420,13565956,13631492,11993092,12058628,12124164,12189700,12255236,12320772,12386308,12451844,12517380,12582916,12648452,12713988,12779524,11141124,11206660,11272196,11337732,11403268,11468804,11534340,11599876,11665412,11730948,11796484,11862020,11927556,10289156,10354692,10420228,10485764,10551300,10616836,10682372,10747908,10813444,10878980,10944516,11010052,11075588,9437188,9502724,9568260,9633796,9699332,9764868,9830404,9895940,9961476,10027012,10092548,10158084,10223620,8585220,8650756,8716292,8781828,8847364,8912900,8978436,9043972,9109508,9175044,9240580,9306116,9371652,7733252,7798788,7864324,7929860,7995396,8060932,8126468,8192004,8257540,8323076,8388612,8454148,8519684,6881284,6946820,7012356,7077892,7143428,7208964,7274500,7340036,7405572,7471108,7536644,7602180,7667716,6029316,6094852,6160388,6225924,6291460,6356996,6422532,6488068,6553604,6619140,6684676,6750212,6815748,5177348,5242884,5308420,5373956,5439492,5505028,5570564,5636100,5701636,5767172,5832708,5898244,5963780,4325380,4390916,4456452,4521988,4587524,4653060,4718596,4784132,4849668,4915204,4980740,5046276,5111812,3473412,3538948,3604484,3670020,3735556,3801092,3866628,3932164,3997700,4063236,4128772,4194308,4259844,2621444,2686980,2752516,2818052,2883588,2949124,3014660,3080196,3145732,3211268,3276804,3342340,3407876,1769476,1835012,1900548,1966084,2031620,2097156,2162692,2228228,2293764,2359300,2424836,2490372,2555908,917508,983044,1048580,1114116,1179652,1245188,1310724,1376260,1441796,1507332,1572868,1638404,1703940,65540,131076,196612,262148,327684,393220,458756,524292,589828,655364,720900,786436,851972
0,5,0,7864202271224672418,10002,4,10979563706054996329,4,1,-1,1,8,33292292,33357828,33423364,33488900,33554436,32440324,32505860,32571396,32636932,32702468,32768004,32833540,32899076,32964612,33030148,33095684,33161220,33226756,31588356,31653892,31719428,31784964,31850500,31916036,31981572,32047108,32112644,32178180,32243716,32309252,32374788,30736388,30801924,30867460,30932996,30998532,31064068,31129604,31195140,31260676,31326212,31391748,31457284,31522820,29884420,29949956,30015492,30081028,30146564,30212100,30277636,30343172,30408708,30474244,30539780,30605316,30670852,29032452,29097988,29163524,29229060,29294596,29360132,29425668,29491204,29556740,29622276,29687812,29753348,29818884,28180484,28246020,28311556,28377092,28442628,28508164,28573700,28639236,28704772,28770308,28835844,28901380,28966916,27328516,27394052,27459588,27525124,27590660,27656196,27721732,27787268,27852804,27918340,27983876,28049412,28114948,26476548,26542084,26607620,26673156,26738692,26804228,26869764,26935300,27000836,27066372,27131908,27197444,27262980,25624580,25690116,25755652,25821188,25886724,25952260,26017796,26083332,26148868,26214404,26279940,26345476,26411012,24772612,24838148,24903684,24969220,25034756,25100292,25165828,25231364,25296900,25362436,25427972,25493508,25559044,23920644,23986180,24051716,24117252,24182788,24248324,24313860,24379396,24444932,24510468,24576004,24641540,24707076,23068676,23134212,23199748,23265284,23330820,23396356,23461892,23527428,23592964,23658500,23724036,23789572,23855108,22216708,22282244,22347780,22413316,22478852,22544388,22609924,22675460,22740996,22806532,22872068,22937604,23003140,21364740,21430276,21495812,21561348,21626884,21692420,21757956,21823492,21889028,21954564,22020100,22085636,22151172,20512772,20578308,20643844,20709380,20774916,20840452,20905988,20971524,21037060,21102596,21168132,21233668,21299204,19660804,19726340,19791876,19857412,19922948,19988484,20054020,20119556,20185092,20250628,20316164,20381700,20447236,18808836,18874372,18939908,19005444,19070980,19136516,19202052,19267588,19333124,19398660,19464196,19529732,19595268,17956868,18022404,18087940,18153476,18219012,18284548,18350084,18415620,18481156,18546692,18612228,18677764,18743300,17104900,17170436,17235972,17301508,17367044,17432580,17498116,17563652,17629188,17694724,17760260,17825796,17891332,16252932,16318468,16384004,16449540,16515076,16580612,16646148,16711684,16777220,16842756,16908292,16973828,17039364,15400964,15466500,15532036,15597572,15663108,15728644,15794180,15859716,15925252,15990788,16056324,16121860,16187396,14548996,14614532,14680068,14745604,14811140,14876676,14942212,15007748,15073284,15138820,15204356,15269892,15335428,13697028,13762564,13828100,13893636,13959172,14024708,14090244,14155780,14221316,14286852,14352388,14417924,14483460,12845060,12910596,12976132,13041668,13107204,13172740,13238276,13303812,13369348,13434884,13500420,13565956,13631492,11993092,12058628,12124164,12189700,12255236,12320772,12386308,12451844,12517380,12582916,12648452,12713988,12779524,11141124,11206660,11272196,11337732,11403268,11468804,11534340,11599876,11665412,11730948,11796484,11862020,11927556,10289156,10354692,10420228,10485764,10551300,10616836,10682372,10747908,10813444,10878980,10944516,11010052,11075588,9437188,9502724,9568260,9633796,9699332,9764868,9830404,9895940,9961476,10027012,10092548,10158084,10223620,8585220,8650756,8716292,8781828,8847364,8912900,8978436,9043972,9109508,9175044,9240580,9306116,9371652,7733252,7798788,7864324,7929860,7995396,8060932,8126468,8192004,8257540,8323076,8388612,8454148,8519684,6881284,6946820,7012356,7077892,7143428,7208964,7274500,7340036,7405572,7471108,7536644,7602180,7667716,6029316,6094852,6160388,6225924,6291460,6356996,6422532,6488068,6553604,6619140,6684676,6750212,6815748,5177348,5242884,5308420,5373956,5439492,5505028,5570564,5636100,5701636,5767172,5832708,5898244,5963780,4325380,4390916,4456452,4521988,4587524,4653060,4718596,4784132,4849668,4915204,4980740,5046276,5111812,3473412,3538948,3604484,3670020,3735556,3801092,3866628,3932164,3997700,4063236,4128772,4194308,4259844,2621444,2686980,2752516,2818052,2883588,2949124,3014660,3080196,3145732,3211268,3276804,3342340,3407876,1769476,1835012,1900548,1966084,2031620,2097156,2162692,2228228,2293764,2359300,2424836,2490372,2555908,917508,983044,1048580,1114116,1179652,1245188,1310724,1376260,1441796,1507332,1572868,1638404,1703940,65540,131076,196612,262148,327684,393220,458756,524292,589828,655364,720900,786436,851972
0,6,0,7864202271224672418,10001,3,9934938266735256087,4,0,-1,1,8,33292292,33357828,33423364,33488900,33554436,32440324,32505860,32571396,32636932,32702468,32768004,32833540,32899076,32964612,33030148,33095684,33161220,33226756,31588356,31653892,31719428,31784964,31850500,31916036,31981572,32047108,32112644,32178180,32243716,32309252,32374788,30736388,30801924,30867460,30932996,30998532,31064068,31129604,31195140,31260676,31326212,31391748,31457284,31522820,29884420,29949956,30015492,30081028,30146564,30212100,30277636,30343172,30408708,30474244,30539780,30605316,30670852,29032452,29097988,29163524,29229060,29294596,29360132,29425668,29491204,29556740,29622276,29687812,29753348,29818884,28180484,28246020,28311556,28377092,28442628,28508164,28573700,28639236,28704772,28770308,28835844,28901380,28966916,27328516,27394052,27459588,27525124,27590660,27656196,27721732,27787268,27852804,27918340,27983876,28049412,28114948,26476548,26542084,26607620,26673156,26738692,26804228,26869764,26935300,27000836,27066372,27131908,27197444,27262980,25624580,25690116,25755652,25821188,25886724,25952260,26017796,26083332,26148868,26214404,26279940,26345476,26411012,24772612,24838148,24903684,24969220,25034756,25100292,25165828,25231364,25296900,25362436,25427972,25493508,25559044,23920644,23986180,24051716,24117252,24182788,24248324,24313860,24379396,24444932,24510468,24576004,24641540,24707076,23068676,23134212,23199748,23265284,23330820,23396356,23461892,23527428,23592964,23658500,23724036,23789572,23855108,22216708,22282244,22347780,22413316,22478852,22544388,22609924,22675460,22740996,22806532,22872068,22937604,23003140,21364740,21430276,21495812,21561348,21626884,21692420,21757956,21823492,21889028,21954564,22020100,22085636,22151172,20512772,20578308,20643844,20709380,20774916,20840452,20905988,20971524,21037060,21102596,21168132,21233668,21299204,19660804,19726340,19791876,19857412,19922948,19988484,20054020,20119556,20185092,20250628,20316164,20381700,20447236,18808836,18874372,18939908,19005444,19070980,19136516,19202052,19267588,19333124,19398660,19464196,19529732,19595268,17956868,18022404,18087940,18153476,18219012,18284548,18350084,18415620,18481156,18546692,18612228,18677764,18743300,17104900,17170436,17235972,17301508,17367044,17432580,17498116,17563652,17629188,17694724,17760260,17825796,17891332,16252932,16318468,16384004,16449540,16515076,16580612,16646148,16711684,16777220,16842756,16908292,16973828,17039364,15400964,15466500,15532036,15597572,15663108,15728644,15794180,15859716,15925252,15990788,16056324,16121860,16187396,14548996,14614532,14680068,14745604,14811140,14876676,14942212,15007748,15073284,15138820,15204356,15269892,15335428,13697028,13762564,13828100,13893636,13959172,14024708,14090244,14155780,14221316,14286852,14352388,14417924,14483460,12845060,12910596,12976132,13041668,13107204,13172740,13238276,13303812,13369348,13434884,13500420,13565956,13631492,11993092,12058628,12124164,12189700,12255236,12320772,12386308,12451844,12517380,12582916,12648452,12713988,12779524,11141124,11206660,11272196,11337732,11403268,11468804,11534340,11599876,11665412,11730948,11796484,11862020,11927556,10289156,10354692,10420228,10485764,10551300,10616836,10682372,10747908,10813444,10878980,10944516,11010052,11075588,9437188,9502724,9568260,9633796,9699332,9764868,9830404,9895940,9961476,10027012,10092548,10158084,10223620,8585220,8650756,8716292,8781828,8847364,8912900,8978436,9043972,9109508,9175044,9240580,9306116,9371652,7733252,7798788,7864324,7929860,7995396,8060932,8126468,8192004,8257540,8323076,8388612,8454148,8519684,6881284,6946820,7012356,7077892,7143428,7208964,7274500,7340036,7405572,7471108,7536644,7602180,7667716,6029316,6094852,6160388,6225924,6291460,6356996,6422532,6488068,6553604,6619140,6684676,6750212,6815748,5177348,5242884,5308420,5373956,5439492,5505028,5570564,5636100,5701636,5767172,5832708,5898244,5963780,4325380,4390916,4456452,4521988,4587524,4653060,4718596,4784132,4849668,4915204,4980740,5046276,5111812,3473412,3538948,3604484,3670020,3735556,3801092,3866628,3932164,3997700,4063236,4128772,4194308,4259844,2621444,2686980,2752516,2818052,2883588,2949124,3014660,3080196,3145732,3211268,3276804,3342340,3407876,1769476,1835012,1900548,1966084,2031620,2097156,2162692,2228228,2293764,2359300,2424836,2490372,2555908,917508,983044,1048580,1114116,1179652,1245188,1310724,1376260,1441796,1507332,1572868,1638404,1703940,65540,131076,196612,262148,327684,393220,458756,524292,589828,655364,720900,786436,851972
0,7,0,7864202271224672418,10000,3,9934938266735256087,4,0,-1,1,8,33292292,33357828,33423364,33488900,33554436,32440324,32505860,32571396,32636932,32702468,32768004,32833540,32899076,32964612,33030148,33095684,33161220,33226756,31588356,31653892,31719428,31784964,31850500,31916036,31981572,32047108,32112644,32178180,32243716,32309252,32374788,30736388,30801924,30867460,30932996,30998532,31064068,31129604,31195140,31260676,31326212,31391748,31457284,31522820,29884420,29949956,30015492,30081028,30146564,30212100,30277636,30343172,30408708,30474244,30539780,30605316,30670852,29032452,29097988,29163524,29229060,29294596,29360132,29425668,29491204,29556740,29622276,29687812,29753348,29818884,28180484,28246020,28311556,28377092,28442628,28508164,28573700,28639236,28704772,28770308,28835844,28901380,28966916,27328516,27394052,27459588,27525124,27590660,27656196,27721732,27787268,27852804,27918340,27983876,28049412,28114948,26476548,26542084,26607620,26673156,26738692,26804228,26869764,26935300,27000836,27066372,27131908,27197444,27262980,25624580,25690116,25755652,25821188,25886724,25952260,26017796,26083332,26148868,26214404,26279940,26345476,26411012,24772612,24838148,24903684,24969220,25034756,25100292,25165828,25231364,25296900,25362436,25427972,25493508,25559044,23920644,23986180,24051716,24117252,24182788,24248324,24313860,24379396,24444932,24510468,24576004,24641540,24707076,23068676,23134212,23199748,23265284,23330820,23396356,23461892,23527428,23592964,23658500,23724036,23789572,23855108,22216708,22282244,22347780,22413316,22478852,22544388,22609924,22675460,22740996,22806532,22872068,22937604,23003140,21364740,21430276,21495812,21561348,21626884,21692420,21757956,21823492,21889028,21954564,22020100,22085636,22151172,20512772,20578308,20643844,20709380,20774916,20840452,20905988,20971524,21037060,21102596,21168132,21233668,21299204,19660804,19726340,19791876,19857412,19922948,19988484,20054020,20119556,20185092,20250628,20316164,20381700,20447236,18808836,18874372,18939908,19005444,19070980,19136516,19202052,19267588,19333124,19398660,19464196,19529732,19595268,17956868,18022404,18087940,18153476,18219012,18284548,18350084,18415620,18481156,18546692,18612228,18677764,18743300,17104900,17170436,17235972,17301508,17367044,17432580,17498116,17563652,17629188,17694724,17760260,17825796,17891332,16252932,16318468,16384004,16449540,16515076,16580612,16646148,16711684,16777220,16842756,16908292,16973828,17039364,15400964,15466500,15532036,15597572,15663108,15728644,15794180,15859716,15925252,15990788,16056324,16121860,16187396,14548996,14614532,14680068,14745604,14811140,14876676,14942212,15007748,15073284,15138820,15204356,15269892,15335428,13697028,13762564,13828100,13893636,13959172,14024708,14090244,14155780,14221316,14286852,14352388,14417924,14483460,12845060,12910596,12976132,13041668,13107204,13172740,13238276,13303812,13369348,13434884,13500420,13565956,13631492,11993092,12058628,12124164,12189700,12255236,12320772,12386308,12451844,12517380,12582916,12648452,12713988,12779524,11141124,11206660,11272196,11337732,11403268,11468804,11534340,11599876,11665412,11730948,11796484,11862020,11927556,10289156,10354692,10420228,10485764,10551300,10616836,10682372,10747908,10813444,10878980,10944516,11010052,11075588,9437188,9502724,9568260,9633796,9699332,9764868,9830404,9895940,9961476,10027012,10092548,10158084,10223620,8585220,8650756,8716292,8781828,8847364,8912900,8978436,9043972,9109508,9175044,9240580,9306116,9371652,7733252,7798788,7864324,7929860,7995396,8060932,8126468,8192004,8257540,8323076,8388612,8454148,8519684,6881284,6946820,7012356,7077892,7143428,7208964,7274500,7340036,7405572,7471108,7536644,7602180,7667716,6029316,6094852,6160388,6225924,6291460,6356996,6422532,6488068,6553604,6619140,6684676,6750212,6815748,5177348,5242884,5308420,5373956,5439492,5505028,5570564,5636100,5701636,5767172,5832708,5898244,5963780,4325380,4390916,4456452,4521988,4587524,4653060,4718596,4784132,4849668,4915204,4980740,5046276,5111812,3473412,3538948,3604484,3670020,3735556,3801092,3866628,3932164,3997700,4063236,4128772,4194308,4259844,2621444,2686980,2752516,2818052,2883588,2949124,3014660,3080196,3145732,3211268,3276804,3342340,3407876,1769476,1835012,1900548,1966084,2031620,2097156,2162692,2228228,2293764,2359300,2424836,2490372,2555908,917508,983044,1048580,1114116,1179652,1245188,1310724,1376260,1441796,1507332,1572868,1638404,1703940,65540,131076,196612,262148,327684,393220,458756,524292,589828,655364,720900,786436,851972
0,8,0,7864202271224672418,10010,0,0,4,0,-1,0
0,65536,1,17086000383401641255,10007,0,0,4,0,-1,1,65540
0,65537,1,17086000383401641255,10003,5,17623573846819452485,0,2,65536,1,65541
0,65538,1,17086000383401641255,10002,2,4941800699662217180,0,1,65536,1,65541
0,65539,1,17086000383401641255,10001,6,17934555311738208515,1,0,65536,1,65541
0,65540,1,17086000383401641255,10009,1,18446744073709551614,6,0,-1,3,65537,65538,65539
0,65541,1,17086000383401641255,10008,0,0,4,0,-1,0
0,131072,1,17086000383401641255,10007,0,0,4,0,-1,1,131076
0,131073,1,17086000383401641255,10003,5,17623573846819452485,0,2,131072,1,131077
0,131074,1,17086000383401641255,10002,2,4941800699662217180,0,1,131072,1,131077
0,131075,1,17086000383401641255,10001,6,17934555311738208515,1,0,131072,1,131077
0,131076,1,17086000383401641255,10009,1,18446744073709551614,6,0,-1,3,131073,131074,131075
0,131077,1,17086000383401641255,10008,0,0,4,0,-1,0
0,196608,1,17086000383401641255,10007,0,0,4,0,-1,1,196612
0,196609,1,17086000383401641255,10003,5,17623573846819452485,0,2,196608,1,196613
0,196610,1,17086000383401641255,10002,2,4941800699662217180,0,1,196608,1,196613
0,196611,1,17086000383401641255,10001,6,17934555311738208515,1,0,196608,1,196613
0,196612,1,17086000383401641255,10009,1,18446744073709551614,6,0,-1,3,196609,196610,196611
0,196613,1,17086000383401641255,10008,0,0,4,0,-1,0
0,262144,1,17086000383401641255,10007,0,0,4,0,-1,1,262148
0,262145,1,17086000383401641255,10003,5,17623573846819452485,0,2,262144,1,262149
0,262146,1,17086000383401641255,10002,2,4941800699662217180,0,1,262144,1,262149
0,262147,1,17086000383401641255,10001,6,17934555311738208515,1,0,262144,1,262149
0,262148,1,17086000383401641255,10009,1,18446744073709551614,6,0,-1,3,262145,262146,262147
0,262149,1,17086000383401641255,10008,0,0,4,0,-1,0
0,327680,1,17086000383401641255,10007,0,0,4,0,-1,1,327684
0,327681,1,17086000383401641255,10003,5,17623573846819452485,0,2,327680,1,327685
0,327682,1,17086000383401641255,10002,2,4941800699662217180,0,1,327680,1,327685
0,327683,1,17086000383401641255,10001,6,17934555311738208515,1,0,327680,1,327685
0,327684,1,17086000383401641255,10009,1,18446744073709551614,6,0,-1,3,327681,327682,327683
0,327685,1,17086000383401641255,10008,0,0,4,0,-1,0
0,393216,1,17086000383401641255,10007,0,0,4,0,-1,1,393220
0,393217,1,17086000383401641255,10003,5,17623573846819452485,0,2,393216,1,393221
0,393218,1,17086000383401641255,10002,2,4941800699662217180,0,1,393216,1,393221
0,393219,1,17086000383401641255,10001,6,17934555311738208515,1,0,393216,1,393221
0,393220,1,17086000383401641255,10009,1,18446744073709551614,6,0,-1,3,393217,393218,393219
0,393221,1,17086000383401641255,10008,0,0,4,0,-1,0
0,458752,1,17086000383401641255,10007,0,0,4,0,-1,1,458756
0,458753,1,17086000383401641255,10003,5,17623573846819452485,0,2,458752,1,458757
0,458754,1,17086000383401641255,10002,2,4941800699662217180,0,1,458752,1,458757
0,458755,1,17086000383401641255,10001,6,17934555311738208515,1,0,458752,1,458757
0,458756,1,17086000383401641255,10009,1,18446744073709551614,6,0,-1,3,458753,458754,458755
0,458757,1,17086000383401641255,10008,0,0,4,0,-1,0
0,524288,1,17086000383401641255,10007,0,0,4,0,-1,1,524292
0,524289,1,17086000383401641255,10003,5,17623573846819452485,0,2,524288,1,524293
0,524290,1,17086000383401641255,10002,2,4941800699662217180,0,1,524288,1,524293
0,524291,1,17086000383401641255,10001,6,17934555311738208515,1,0,524288,1,524293
0,524292,1,17086000383401641255,10009,1,18446744073709551614,6,0,-1,3,524289,524290,524291
0,524293,1,17086000383401641255,10008,0,0,4,0,-1,0
0,589824,1,17086000383401641255,10007,0,0,4,0,-1,1,589828
0,589825,1,17086000383401641255,10003,5,17623573846819452485,0,2,589824,1,589829
0,589826,1,17086000383401641255,10002,2,4941800699662217180,0,1,589824,1,589829
0,589827,1,17086000383401641255,10001,6,17934555311738208515,1,0,589824,1,589829
0,589828,1,17086000383401641255,10009,1,18446744073709551614,6,0,-1,3,589825,589826,589827
0,589829,1,17086000383401641255,10008,0,0,4,0,-1,0
0,655360,1,17086000383401641255,10007,0,0,4,0,-1,1,655364
0,655361,1,17086000383401641255,10003,5,17623573846819452485,0,2,655360,1,655365
0,655362,1,17086000383401641255,10002,2,4941800699662217180,0,1,655360,1,655365
0,655363,1,17086000383401641255,10001,6,17934555311738208515,1,0,655360,1,655365
0,655364,1,17086000383401641255,10009,1,18446744073709551614,6,0,-1,3,655361,655362,655363
0,655365,1,17086000383401641255,10008,0,0,4,0,-1,0
0,720896,1,17086000383401641255,10007,0,0,4,0,-1,1,720900
0,720897,1,17086000383401641255,10003,5,17623573846819452485,0,2,720896,1,720901
0,720898,1,17086000383401641255,10002,2,4941800699662217180,0,1,720896,1,720901
0,720899,1,17086000383401641255,10001,6,17934555311738208515,1,0,720896,1,720901
0,720900,1,17086000383401641255,10009,1,18446744073709551614,6,0,-1,3,720897,720898,720899
0,720901,1,17086000383401641255,10008,0,0,4,0,-1,0
0,786432,1,17086000383401641255,10007,0,0,4,0,-1,1,786436
0,786433,1,17086000383401641255,10003,5,17623573846819452485,0,2,786432,1,786437
0,786434,1,17086000383401641255,10002,2,4941800699662217180,0,1,786432,1,786437
0,786435,1,17086000383401641255,10001,6,17934555311738208515,1,0,786432,1,786437
0,786436,1,17086000383401641255,10009,1,18446744073709551614,6,0,-1,3,786433,786434,786435
0,786437,1,17086000383401641255,10008,0,0,4,0,-1,0
0,851968,1,17086000383401641255,10007,0,0,4,0,-1,1,851972
0,851969,1,17086000383401641255,10003,5,17623573846819452485,0,2,851968,1,851973
0,851970,1,17086000383401641255,10002,2,4941800699662217180,0,1,851968,1,851973
0,851971,1,17086000383401641255,10001,6,17934555311738208515,1,0,851968,1,851973
0,851972,1,17086000383401641255,10009,1,18446744073709551614,6,0,-1,3,851969,851970,851971
0,851973,1,17086000383401641255,10008,0,0,4,0,-1,0
0,917504,1,17086000383401641255,10007,0,0,4,0,-1,1,917508
0,917505,1,17086000383401641255,10003,5,17623573846819452485,0,2,917504,1,917509
0,917506,1,17086000383401641255,10002,2,4941800699662217180,0,1,917504,1,917509
0,917507,1,17086000383401641255,10001,6,17934555311738208515,1,0,917504,1,917509
0,917508,1,17086000383401641255,10009,1,18446744073709551614,6,0,-1,3,917505,917506,917507
0,917509,1,17086000383401641255,10008,0,0,4,0,-1,0
0,983040,1,17086000383401641255,10007,0,0,4,0,-1,1,983044
0,983041,1,17086000383401641255,10003,5,17623573846819452485,0,2,983040,1,983045
0,983042,1,17086000383401641255,10002,2,4941800699662217180,0,1,983040,1,983045
0,983043,1,17086000383401641255,10001,6,17934555311738208515,1,0,983040,1,983045
0,983044,1,17086000383401641255,10009,1,18446744073709551614,6,0,-1,3,983041,983042,983043
0,983045,1,17086000383401641255,10008,0,0,4,0,-1,0
0,1048576,1,17086000383401641255,10007,0,0,4,0,-1,1,1048580
0,1048577,1,17086000383401641255,10003,5,17623573846819452485,0,2,1048576,1,1048581
0,1048578,1,17086000383401641255,10002,2,4941800699662217180,0,1,1048576,1,1048581
0,1048579,1,17086000383401641255,10001,6,17934555311738208515,1,0,1048576,1,1048581
0,1048580,1,17086000383401641255,10009,1,18446744073709551614,6,0,-1,3,1048577,1048578,1048579
0,1048581,1,17086000383401641255,10008,0,0,4,0,-1,0
0,1114112,1,17086000383401641255,10007,0,0,4,0,-1,1,1114116
0,1114113,1,17086000383401641255,10003,5,17623573846819452485,0,2,1114112,1,1114117
0,1114114,1,17086000383401641255,10002,2,4941800699662217180,0,1,1114112,1,1114117
0,1114115,1,17086000383401641255,10001,6,17934555311738208515,1,0,1114112,1,1114117
0,1114116,1,17086000383401641255,10009,1,18446744073709551614,6,0,-1,3,1114113,1114114,1114115
0,1114117,1,17086000383401641255,10008,0,0,4,0,-1,0
0,1179648,1,17086000383401641255,10007,0,0,4,0,-1,1,1179652
0,1179649,1,17086000383401641255,10003,5,17623573846819452485,0,2,1179648,1,1179653
0,1179650,1,17086000383401641255,10002,2,4941800699662217180,0,1,1179648,1,1179653
0,1179651,1,17086000383401641255,10001,6,17934555311738208515,1,0,1179648,1,1179653
0,1179652,1,17086000383401641255,10009,1,18446744073709551614,6,0,-1,3,1179649,1179650,1179651
0,1179653,1,17086000383401641255,10008,0,0,4,0,-1,0
0,1245184,1,17086000383401641255,10007,0,0,4,0,-1,1,1245188
0,1245185,1,17086000383401641255,10003,5,17623573846819452485,0,2,1245184,1,1245189
0,1245186,1,17086000383401641255,10002,2,4941800699662217180,0,1,1245184,1,1245189
0,1245187,1,17086000383401641255,10001,6,17934555311738208515,1,0,1245184,1,1245189
0,1245188,1,17086000383401641255,10009,1,18446744073709551614,6,0,-1,3,1245185,1245186,1245187
0,1245189,1,17086000383401641255,10008,0,0,4,0,-1,0
0,1310720,1,17086000383401641255,10007,0,0,4,0,-1,1,1310724
0,1310721,1,17086000383401641255,10003,5,17623573846819452485,0,2,1310720,1,1310725
0,1310722,1,17086000383401641255,10002,2,4941800699662217180,0,1,1310720,1,1310725
0,1310723,1,17086000383401641255,10001,6,17934555311738208515,1,0,1310720,1,1310725
0,1310724,1,17086000383401641255,10009,1,18446744073709551614,6,0,-1,3,1310721,1310722,1310723
0,1310725,1,17086000383401641255,10008,0,0,4,0,-1,0
0,1376256,1,17086000383401641255,10007,0,0,4,0,-1,1,1376260
0,1376257,1,17086000383401641255,10003,5,17623573846819452485,0,2,1376256,1,1376261
0,1376258,1,17086000383401641255,10002,2,4941800699662217180,0,1,1376256,1,1376261
0,1376259,1,17086000383401641255,10001,6,17934555311738208515,1,0,1376256,1,1376261
0,1376260,1,17086000383401641255,10009,1,18446744073709551614,6,0,-1,3,1376257,1376258,1376259
0,1376261,1,17086000383401641255,10008,0,0,4,0,-1,0
0,1441792,1,17086000383401641255,10007,0,0,4,0,-1,1,1441796
0,1441793,1,17086000383401641255,10003,5,17623573846819452485,0,2,1441792,1,1441797
0,1441794,1,17086000383401641255,10002,2,4941800699662217180,0,1,1441792,1,1441797
0,1441795,1,17086000383401641255,10001,6,17934555311738208515,1,0,1441792,1,1441797
0,1441796,1,17086000383401641255,10009,1,18446744073709551614,6,0,-1,3,1441793,1441794,1441795
0,1441797,1,17086000383401641255,10008,0,0,4,0,-1,0
0,1507328,1,17086000383401641255,10007,0,0,4,0,-1,1,1507332
0,1507329,1,17086000383401641255,10003,5,17623573846819452485,0,2,1507328,1,1507333
0,1507330,1,17086000383401641255,10002,2,4941800699662217180,0,1,1507328,1,1507333
0,1507331,1,17086000383401641255,10001,6,17934555311738208515,1,0,1507328,1,1507333
0,1507332,1,17086000383401641255,10009,1,18446744073709551614,6,0,-1,3,1507329,1507330,1507331
0,1507333,1,17086000383401641255,10008,0,0,4,0,-1,0
0,1572864,1,17086000383401641255,10007,0,0,4,0,-1,1,1572868
0,1572865,1,17086000383401641255,10003,5,17623573846819452485,0,2,1572864,1,1572869
0,1572866,1,17086000383401641255,10002,2,4941800699662217180,0,1,1572864,1,1572869
0,1572867,1,17086000383401641255,10001,6,17934555311738208515,1,0,1572864,1,1572869
0,1572868,1,17086000383401641255,10009,1,18446744073709551614,6,0,-1,3,1572865,1572866,1572867
0,1572869,1,17086000383401641255,10008,0,0,4,0,-1,0
0,1638400,1,17086000383401641255,10007,0,0,4,0,-1,1,1638404
0,1638401,1,17086000383401641255,10003,5,17623573846819452485,0,2,1638400,1,1638405
0,1638402,1,17086000383401641255,10002,2,4941800699662217180,0,1,1638400,1,1638405
0,1638403,1,17086000383401641255,10001,6,17934555311738208515,1,0,1638400,1,1638405
0,1638404,1,17086000383401641255,10009,1,18446744073709551614,6,0,-1,3,1638401,1638402,1638403
0,1638405,1,17086000383401641255,10008,0,0,4,0,-1,0
0,1703936,1,17086000383401641255,10007,0,0,4,0,-1,1,1703940
0,1703937,1,17086000383401641255,10003,5,17623573846819452485,0,2,1703936,1,1703941
0,1703938,1,17086000383401641255,10002,2,4941800699662217180,0,1,1703936,1,1703941
0,1703939,1,17086000383401641255,10001,6,17934555311738208515,1,0,1703936,1,1703941
0,1703940,1,17086000383401641255,10009,1,18446744073709551614,6,0,-1,3,1703937,1703938,1703939
0,1703941,1,17086000383401641255,10008,0,0,4,0,-1,0
0,1769472,1,17086000383401641255,10007,0,0,4,0,-1,1,1769476
0,1769473,1,17086000383401641255,10003,5,17623573846819452485,0,2,1769472,1,1769477
0,1769474,1,17086000383401641255,10002,2,4941800699662217180,0,1,1769472,1,1769477
0,1769475,1,17086000383401641255,10001,6,17934555311738208515,1,0,1769472,1,1769477
0,1769476,1,17086000383401641255,10009,1,18446744073709551614,6,0,-1,3,1769473,1769474,1769475
0,1769477,1,17086000383401641255,10008,0,0,4,0,-1,0
0,1835008,1,17086000383401641255,10007,0,0,4,0,-1,1,1835012
0,1835009,1,17086000383401641255,10003,5,17623573846819452485,0,2,1835008,1,1835013
0,1835010,1,17086000383401641255,10002,2,4941800699662217180,0,1,1835008,1,1835013
0,1835011,1,17086000383401641255,10001,6,17934555311738208515,1,0,1835008,1,1835013
0,1835012,1,17086000383401641255,10009,1,18446744073709551614,6,0,-1,3,1835009,1835010,1835011
0,1835013,1,17086000383401641255,10008,0,0,4,0,-1,0
0,1900544,1,17086000383401641255,10007,0,0,4,0,-1,1,1900548
0,1900545,1,17086000383401641255,10003,5,17623573846819452485,0,2,1900544,1,1900549
0,1900546,1,17086000383401641255,10002,2,4941800699662217180,0,1,1900544,1,1900549
0,1900547,1,17086000383401641255,10001,6,17934555311738208515,1,0,1900544,1,1900549
0,1900548,1,17086000383401641255,10009,1,18446744073709551614,6,0,-1,3,1900545,1900546,1900547
0,1900549,1,17086000383401641255,10008,0,0,4,0,-1,0
0,1966080,1,17086000383401641255,10007,0,0,4,0,-1,1,1966084
0,1966081,1,17086000383401641255,10003,5,17623573846819452485,0,2,1966080,1,1966085
0,1966082,1,17086000383401641255,10002,2,4941800699662217180,0,1,1966080,1,1966085
0,1966083,1,17086000383401641255,10001,6,17934555311738208515,1,0,1966080,1,1966085
0,1966084,1,17086000383401641255,10009,1,18446744073709551614,6,0,-1,3,1966081,1966082,1966083
0,1966085,1,17086000383401641255,10008,0,0,4,0,-1,0
0,2031616,1,17086000383401641255,10007,0,0,4,0,-1,1,2031620
0,2031617,1,17086000383401641255,10003,5,17623573846819452485,0,2,2031616,1,2031621
0,2031618,1,17086000383401641255,10002,2,4941800699662217180,0,1,2031616,1,2031621
0,2031619,1,17086000383401641255,10001,6,17934555311738208515,1,0,2031616,1,2031621
0,2031620,1,17086000383401641255,10009,1,18446744073709551614,6,0,-1,3,2031617,2031618,2031619
0,2031621,1,17086000383401641255,10008,0,0,4,0,-1,0
0,2097152,1,17086000383401641255,10007,0,0,4,0,-1,1,2097156
0,2097153,1,17086000383401641255,10003,5,17623573846819452485,0,2,2097152,1,2097157
0,2097154,1,17086000383401641255,10002,2,4941800699662217180,0,1,2097152,1,2097157
0,2097155,1,17086000383401641255,10001,6,17934555311738208515,1,0,2097152,1,2097157
0,2097156,1,17086000383401641255,10009,1,18446744073709551614,6,0,-1,3,2097153,2097154,2097155
0,2097157,1,17086000383401641255,10008,0,0,4,0,-1,0
0,2162688,1,17086000383401641255,10007,0,0,4,0,-1,1,2162692
0,2162689,1,17086000383401641255,10003,5,17623573846819452485,0,2,2162688,1,2162693
0,2162690,1,17086000383401641255,10002,2,4941800699662217180,0,1,2162688,1,2162693
0,2162691,1,17086000383401641255,10001,6,17934555311738208515,1,0,2162688,1,2162693
0,2162692,1,17086000383401641255,10009,1,18446744073709551614,6,0,-1,3,2162689,2162690,2162691
0,2162693,1,17086000383401641255,10008,0,0,4,0,-1,0
0,2228224,1,17086000383401641255,10007,0,0,4,0,-1,1,2228228
0,2228225,1,17086000383401641255,10003,5,17623573846819452485,0,2,2228224,1,2228229
0,2228226,1,17086000383401641255,10002,2,4941800699662217180,0,1,2228224,1,2228229
0,2228227,1,17086000383401641255,10001,6,17934555311738208515,1,0,2228224,1,2228229
0,2228228,1,17086000383401641255,10009,1,18446744073709551614,6,0,-1,3,2228225,2228226,2228227
0,2228229,1,17086000383401641255,10008,0,0,4,0,-1,0
0,2293760,1,17086000383401641255,10007,0,0,4,0,-1,1,2293764
0,2293761,1,17086000383401641255,10003,5,17623573846819452485,0,2,2293760,1,2293765
0,2293762,1,17086000383401641255,10002,2,4941800699662217180,0,1,2293760,1,2293765
0,2293763,1,17086000383401641255,10001,6,17934555311738208515,1,0,2293760,1,2293765
0,2293764,1,17086000383401641255,10009,1,18446744073709551614,6,0,-1,3,2293761,2293762,2293763
0,2293765,1,17086000383401641255,10008,0,0,4,0,-1,0
0,2359296,1,17086000383401641255,10007,0,0,4,0,-1,1,2359300
0,2359297,1,17086000383401641255,10003,5,17623573846819452485,0,2,2359296,1,2359301
0,2359298,1,17086000383401641255,10002,2,4941800699662217180,0,1,2359296,1,2359301
0,2359299,1,17086000383401641255,10001,6,17934555311738208515,1,0,2359296,1,2359301
0,2359300,1,17086000383401641255,10009,1,18446744073709551614,6,0,-1,3,2359297,2359298,2359299
0,2359301,1,17086000383401641255,10008,0,0,4,0,-1,0
0,2424832,1,17086000383401641255,10007,0,0,4,0,-1,1,2424836
0,2424833,1,17086000383401641255,10003,5,17623573846819452485,0,2,2424832,1,2424837
0,2424834,1,17086000383401641255,10002,2,4941800699662217180,0,1,2424832,1,2424837
0,2424835,1,17086000383401641255,10001,6,17934555311738208515,1,0,2424832,1,2424837
0,2424836,1,17086000383401641255,10009,1,18446744073709551614,6,0,-1,3,2424833,2424834,2424835
0,2424837,1,17086000383401641255,10008,0,0,4,0,-1,0
0,2490368,1,17086000383401641255,10007,0,0,4,0,-1,1,2490372
0,2490369,1,17086000383401641255,10003,5,17623573846819452485,0,2,2490368,1,2490373
0,2490370,1,17086000383401641255,10002,2,4941800699662217180,0,1,2490368,1,2490373
0,2490371,1,17086000383401641255,10001,6,17934555311738208515,1,0,2490368,1,2490373
0,2490372,1,17086000383401641255,10009,1,18446744073709551614,6,0,-1,3,2490369,2490370,2490371
0,2490373,1,17086000383401641255,10008,0,0,4,0,-1,0
0,2555904,1,17086000383401641255,10007,0,0,4,0,-1,1,2555908
0,2555905,1,17086000383401641255,10003,5,17623573846819452485,0,2,2555904,1,2555909
0,2555906,1,17086000383401641255,10002,2,4941800699662217180,0,1,2555904,1,2555909
0,2555907,1,17086000383401641255,10001,6,17934555311738208515,1,0,2555904,1,2555909
0,2555908,1,17086000383401641255,10009,1,18446744073709551614,6,0,-1,3,2555905,2555906,2555907
0,2555909,1,17086000383401641255,10008,0,0,4,0,-1,0
0,2621440,1,17086000383401641255,10007,0,0,4,0,-1,1,2621444
0,2621441,1,17086000383401641255,10003,5,17623573846819452485,0,2,2621440,1,2621445
0,2621442,1,17086000383401641255,10002,2,4941800699662217180,0,1,2621440,1,2621445
0,2621443,1,17086000383401641255,10001,6,17934555311738208515,1,0,2621440,1,2621445
0,2621444,1,17086000383401641255,10009,1,18446744073709551614,6,0,-1,3,2621441,2621442,2621443
0,2621445,1,17086000383401641255,10008,0,0,4,0,-1,0
0,2686976,1,17086000383401641255,10007,0,0,4,0,-1,1,2686980
0,2686977,1,17086000383401641255,10003,5,17623573846819452485,0,2,2686976,1,2686981
0,2686978,1,17086000383401641255,10002,2,4941800699662217180,0,1,2686976,1,2686981
0,2686979,1,17086000383401641255,10001,6,17934555311738208515,1,0,2686976,1,2686981
0,2686980,1,17086000383401641255,10009,1,18446744073709551614,6,0,-1,3,2686977,2686978,2686979
0,2686981,1,17086000383401641255,10008,0,0,4,0,-1,0
0,2752512,1,17086000383401641255,10007,0,0,4,0,-1,1,2752516
0,2752513,1,17086000383401641255,10003,5,17623573846819452485,0,2,2752512,1,2752517
0,2752514,1,17086000383401641255,10002,2,4941800699662217180,0,1,2752512,1,2752517
0,2752515,1,17086000383401641255,10001,6,17934555311738208515,1,0,2752512,1,2752517
0,2752516,1,17086000383401641255,10009,1,18446744073709551614,6,0,-1,3,2752513,2752514,2752515
0,2752517,1,17086000383401641255,10008,0,0,4,0,-1,0
0,2818048,1,17086000383401641255,10007,0,0,4,0,-1,1,2818052
0,2818049,1,17086000383401641255,10003,5,17623573846819452485,0,2,2818048,1,2818053
0,2818050,1,17086000383401641255,10002,2,4941800699662217180,0,1,2818048,1,2818053
0,2818051,1,17086000383401641255,10001,6,17934555311738208515,1,0,2818048,1,2818053
0,2818052,1,17086000383401641255,10009,1,18446744073709551614,6,0,-1,3,2818049,2818050,2818051
0,2818053,1,17086000383401641255,10008,0,0,4,0,-1,0
0,2883584,1,17086000383401641255,10007,0,0,4,0,-1,1,2883588
0,2883585,1,17086000383401641255,10003,5,17623573846819452485,0,2,2883584,1,2883589
0,2883586,1,17086000383401641255,10002,2,4941800699662217180,0,1,2883584,1,2883589
0,2883587,1,17086000383401641255,10001,6,17934555311738208515,1,0,2883584,1,2883589
0,2883588,1,17086000383401641255,10009,1,18446744073709551614,6,0,-1,3,2883585,2883586,2883587
0,2883589,1,17086000383401641255,10008,0,0,4,0,-1,0
0,2949120,1,17086000383401641255,10007,0,0,4,0,-1,1,2949124
0,2949121,1,17086000383401641255,10003,5,17623573846819452485,0,2,2949120,1,2949125
0,2949122,1,17086000383401641255,10002,2,4941800699662217180,0,1,2949120,1,2949125
0,2949123,1,17086000383401641255,10001,6,17934555311738208515,1,0,2949120,1,2949125
0,2949124,1,17086000383401641255,10009,1,18446744073709551614,6,0,-1,3,2949121,2949122,2949123
0,2949125,1,17086000383401641255,10008,0,0,4,0,-1,0
0,3014656,1,17086000383401641255,10007,0,0,4,0,-1,1,3014660
0,3014657,1,17086000383401641255,10003,5,17623573846819452485,0,2,3014656,1,3014661
0,3014658,1,17086000383401641255,10002,2,4941800699662217180,0,1,3014656,1,3014661
0,3014659,1,17086000383401641255,10001,6,17934555311738208515,1,0,3014656,1,3014661
0,3014660,1,17086000383401641255,10009,1,18446744073709551614,6,0,-1,3,3014657,3014658,3014659
0,3014661,1,17086000383401641255,10008,0,0,4,0,-1,0
0,3080192,1,17086000383401641255,10007,0,0,4,0,-1,1,3080196
0,3080193,1,17086000383401641255,10003,5,17623573846819452485,0,2,3080192,1,3080197
0,3080194,1,17086000383401641255,10002,2,4941800699662217180,0,1,3080192,1,3080197
0,3080195,1,17086000383401641255,10001,6,17934555311738208515,1,0,3080192,1,3080197
0,3080196,1,17086000383401641255,10009,1,18446744073709551614,6,0,-1,3,3080193,3080194,3080195
0,3080197,1,17086000383401641255,10008,0,0,4,0,-1,0
0,3145728,1,17086000383401641255,10007,0,0,4,0,-1,1,3145732
0,3145729,1,17086000383401641255,10003,5,17623573846819452485,0,2,3145728,1,3145733
0,3145730,1,17086000383401641255,10002,2,4941800699662217180,0,1,3145728,1,3145733
0,3145731,1,17086000383401641255,10001,6,17934555311738208515,1,0,3145728,1,3145733
0,3145732,1,17086000383401641255,10009,1,18446744073709551614,6,0,-1,3,3145729,3145730,3145731
0,3145733,1,17086000383401641255,10008,0,0,4,0,-1,0
0,3211264,1,17086000383401641255,10007,0,0,4,0,-1,1,3211268
0,3211265,1,17086000383401641255,10003,5,17623573846819452485,0,2,3211264,1,3211269
0,3211266,1,17086000383401641255,10002,2,4941800699662217180,0,1,3211264,1,3211269
0,3211267,1,17086000383401641255,10001,6,17934555311738208515,1,0,3211264,1,3211269
0,3211268,1,17086000383401641255,10009,1,18446744073709551614,6,0,-1,3,3211265,3211266,3211267
0,3211269,1,17086000383401641255,10008,0,0,4,0,-1,0
0,3276800,1,17086000383401641255,10007,0,0,4,0,-1,1,3276804
0,3276801,1,17086000383401641255,10003,5,17623573846819452485,0,2,3276800,1,3276805
0,3276802,1,17086000383401641255,10002,2,4941800699662217180,0,1,3276800,1,3276805
0,3276803,1,17086000383401641255,10001,6,17934555311738208515,1,0,3276800,1,3276805
0,3276804,1,17086000383401641255,10009,1,18446744073709551614,6,0,-1,3,3276801,3276802,3276803
0,3276805,1,17086000383401641255,10008,0,0,4,0,-1,0
0,3342336,1,17086000383401641255,10007,0,0,4,0,-1,1,3342340
0,3342337,1,17086000383401641255,10003,5,17623573846819452485,0,2,3342336,1,3342341
0,3342338,1,17086000383401641255,10002,2,4941800699662217180,0,1,3342336,1,3342341
0,3342339,1,17086000383401641255,10001,6,17934555311738208515,1,0,3342336,1,3342341
0,3342340,1,17086000383401641255,10009,1,18446744073709551614,6,0,-1,3,3342337,3342338,3342339
0,3342341,1,17086000383401641255,10008,0,0,4,0,-1,0
0,3407872,1,17086000383401641255,10007,0,0,4,0,-1,1,3407876
0,3407873,1,17086000383401641255,10003,5,17623573846819452485,0,2,3407872,1,3407877
0,3407874,1,17086000383401641255,10002,2,4941800699662217180,0,1,3407872,1,3407877
0,3407875,1,17086000383401641255,10001,6,17934555311738208515,1,0,3407872,1,3407877
0,3407876,1,17086000383401641255,10009,1,18446744073709551614,6,0,-1,3,3407873,3407874,3407875
0,3407877,1,17086000383401641255,10008,0,0,4,0,-1,0
0,3473408,1,17086000383401641255,10007,0,0,4,0,-1,1,3473412
0,3473409,1,17086000383401641255,10003,5,17623573846819452485,0,2,3473408,1,3473413
0,3473410,1,17086000383401641255,10002,2,4941800699662217180,0,1,3473408,1,3473413
0,3473411,1,17086000383401641255,10001,6,17934555311738208515,1,0,3473408,1,3473413
0,3473412,1,17086000383401641255,10009,1,18446744073709551614,6,0,-1,3,3473409,3473410,3473411
0,3473413,1,17086000383401641255,10008,0,0,4,0,-1,0
0,3538944,1,17086000383401641255,10007,0,0,4,0,-1,1,3538948
0,3538945,1,17086000383401641255,10003,5,17623573846819452485,0,2,3538944,1,3538949
0,3538946,1,17086000383401641255,10002,2,4941800699662217180,0,1,3538944,1,3538949
0,3538947,1,17086000383401641255,10001,6,17934555311738208515,1,0,3538944,1,3538949
0,3538948,1,17086000383401641255,10009,1,18446744073709551614,6,0,-1,3,3538945,3538946,3538947
0,3538949,1,17086000383401641255,10008,0,0,4,0,-1,0
0,3604480,1,17086000383401641255,10007,0,0,4,0,-1,1,3604484
0,3604481,1,17086000383401641255,10003,5,17623573846819452485,0,2,3604480,1,3604485
0,3604482,1,17086000383401641255,10002,2,4941800699662217180,0,1,3604480,1,3604485
0,3604483,1,17086000383401641255,10001,6,17934555311738208515,1,0,3604480,1,3604485
0,3604484,1,17086000383401641255,10009,1,18446744073709551614,6,0,-1,3,3604481,3604482,3604483
0,3604485,1,17086000383401641255,10008,0,0,4,0,-1,0
0,3670016,1,17086000383401641255,10007,0,0,4,0,-1,1,3670020
0,3670017,1,17086000383401641255,10003,5,17623573846819452485,0,2,3670016,1,3670021
0,3670018,1,17086000383401641255,10002,2,4941800699662217180,0,1,3670016,1,3670021
0,3670019,1,17086000383401641255,10001,6,17934555311738208515,1,0,3670016,1,3670021
0,3670020,1,17086000383401641255,10009,1,18446744073709551614,6,0,-1,3,3670017,3670018,3670019
0,3670021,1,17086000383401641255,10008,0,0,4,0,-1,0
0,3735552,1,17086000383401641255,10007,0,0,4,0,-1,1,3735556
0,3735553,1,17086000383401641255,10003,5,17623573846819452485,0,2,3735552,1,3735557
0,3735554,1,17086000383401641255,10002,2,4941800699662217180,0,1,3735552,1,3735557
0,3735555,1,17086000383401641255,10001,6,17934555311738208515,1,0,3735552,1,3735557
0,3735556,1,17086000383401641255,10009,1,18446744073709551614,6,0,-1,3,3735553,3735554,3735555
0,3735557,1,17086000383401641255,10008,0,0,4,0,-1,0
0,3801088,1,17086000383401641255,10007,0,0,4,0,-1,1,3801092
0,3801089,1,17086000383401641255,10003,5,17623573846819452485,0,2,3801088,1,3801093
0,3801090,1,17086000383401641255,10002,2,4941800699662217180,0,1,3801088,1,3801093
0,3801091,1,17086000383401641255,10001,6,17934555311738208515,1,0,3801088,1,3801093
0,3801092,1,17086000383401641255,10009,1,18446744073709551614,6,0,-1,3,3801089,3801090,3801091
0,3801093,1,17086000383401641255,10008,0,0,4,0,-1,0
0,3866624,1,17086000383401641255,10007,0,0,4,0,-1,1,3866628
0,3866625,1,17086000383401641255,10003,5,17623573846819452485,0,2,3866624,1,3866629
0,3866626,1,17086000383401641255,10002,2,4941800699662217180,0,1,3866624,1,3866629
0,3866627,1,17086000383401641255,10001,6,17934555311738208515,1,0,3866624,1,3866629
0,3866628,1,17086000383401641255,10009,1,18446744073709551614,6,0,-1,3,3866625,3866626,3866627
0,3866629,1,17086000383401641255,10008,0,0,4,0,-1,0
0,3932160,1,17086000383401641255,10007,0,0,4,0,-1,1,3932164
0,3932161,1,17086000383401641255,10003,5,17623573846819452485,0,2,3932160,1,3932165
0,3932162,1,17086000383401641255,10002,2,4941800699662217180,0,1,3932160,1,3932165
0,3932163,1,17086000383401641255,10001,6,17934555311738208515,1,0,3932160,1,3932165
0,3932164,1,17086000383401641255,10009,1,18446744073709551614,6,0,-1,3,3932161,3932162,3932163
0,3932165,1,17086000383401641255,10008,0,0,4,0,-1,0
0,3997696,1,17086000383401641255,10007,0,0,4,0,-1,1,3997700
0,3997697,1,17086000383401641255,10003,5,17623573846819452485,0,2,3997696,1,3997701
0,3997698,1,17086000383401641255,10002,2,4941800699662217180,0,1,3997696,1,3997701
0,3997699,1,17086000383401641255,10001,6,17934555311738208515,1,0,3997696,1,3997701
0,3997700,1,17086000383401641255,10009,1,18446744073709551614,6,0,-1,3,3997697,3997698,3997699
0,3997701,1,17086000383401641255,10008,0,0,4,0,-1,0
0,4063232,1,17086000383401641255,10007,0,0,4,0,-1,1,4063236
0,4063233,1,17086000383401641255,10003,5,17623573846819452485,0,2,4063232,1,4063237
0,4063234,1,17086000383401641255,10002,2,4941800699662217180,0,1,4063232,1,4063237
0,4063235,1,17086000383401641255,10001,6,17934555311738208515,1,0,4063232,1,4063237
0,4063236,1,17086000383401641255,10009,1,18446744073709551614,6,0,-1,3,4063233,4063234,4063235
0,4063237,1,17086000383401641255,10008,0,0,4,0,-1,0
0,4128768,1,17086000383401641255,10007,0,0,4,0,-1,1,4128772
0,4128769,1,17086000383401641255,10003,5,17623573846819452485,0,2,4128768,1,4128773
0,4128770,1,17086000383401641255,10002,2,4941800699662217180,0,1,4128768,1,4128773
0,4128771,1,17086000383401641255,10001,6,17934555311738208515,1,0,4128768,1,4128773
0,4128772,1,17086000383401641255,10009,1,18446744073709551614,6,0,-1,3,4128769,4128770,4128771
0,4128773,1,17086000383401641255,10008,0,0,4,0,-1,0
0,4194304,1,17086000383401641255,10007,0,0,4,0,-1,1,4194308
0,4194305,1,17086000383401641255,10003,5,17623573846819452485,0,2,4194304,1,4194309
0,4194306,1,17086000383401641255,10002,2,4941800699662217180,0,1,4194304,1,4194309
0,4194307,1,17086000383401641255,10001,6,17934555311738208515,1,0,4194304,1,4194309
0,4194308,1,17086000383401641255,10009,1,18446744073709551614,6,0,-1,3,4194305,4194306,4194307
0,4194309,1,17086000383401641255,10008,0,0,4,0,-1,0
0,4259840,1,17086000383401641255,10007,0,0,4,0,-1,1,4259844
0,4259841,1,17086000383401641255,10003,5,17623573846819452485,0,2,4259840,1,4259845
0,4259842,1,17086000383401641255,10002,2,4941800699662217180,0,1,4259840,1,4259845
0,4259843,1,17086000383401641255,10001,6,17934555311738208515,1,0,4259840,1,4259845
0,4259844,1,17086000383401641255,10009,1,18446744073709551614,6,0,-1,3,4259841,4259842,4259843
0,4259845,1,17086000383401641255,10008,0,0,4,0,-1,0
0,4325376,1,17086000383401641255,10007,0,0,4,0,-1,1,4325380
0,4325377,1,17086000383401641255,10003,5,17623573846819452485,0,2,4325376,1,4325381
0,4325378,1,17086000383401641255,10002,2,4941800699662217180,0,1,4325376,1,4325381
0,4325379,1,17086000383401641255,10001,6,17934555311738208515,1,0,4325376,1,4325381
0,4325380,1,17086000383401641255,10009,1,18446744073709551614,6,0,-1,3,4325377,4325378,4325379
0,4325381,1,17086000383401641255,10008,0,0,4,0,-1,0
0,4390912,1,17086000383401641255,10007,0,0,4,0,-1,1,4390916
0,4390913,1,17086000383401641255,10003,5,17623573846819452485,0,2,4390912,1,4390917
0,4390914,1,17086000383401641255,10002,2,4941800699662217180,0,1,4390912,1,4390917
0,4390915,1,17086000383401641255,10001,6,17934555311738208515,1,0,4390912,1,4390917
0,4390916,1,17086000383401641255,10009,1,18446744073709551614,6,0,-1,3,4390913,4390914,4390915
0,4390917,1,17086000383401641255,10008,0,0,4,0,-1,0
0,4456448,1,17086000383401641255,10007,0,0,4,0,-1,1,4456452
0,4456449,1,17086000383401641255,10003,5,17623573846819452485,0,2,4456448,1,4456453
0,4456450,1,17086000383401641255,10002,2,4941800699662217180,0,1,4456448,1,4456453
0,4456451,1,17086000383401641255,10001,6,17934555311738208515,1,0,4456448,1,4456453
0,4456452,1,17086000383401641255,10009,1,18446744073709551614,6,0,-1,3,4456449,4456450,4456451
0,4456453,1,17086000383401641255,10008,0,0,4,0,-1,0
0,4521984,1,17086000383401641255,10007,0,0,4,0,-1,1,4521988
0,4521985,1,17086000383401641255,10003,5,17623573846819452485,0,2,4521984,1,4521989
0,4521986,1,17086000383401641255,10002,2,4941800699662217180,0,1,4521984,1,4521989
0,4521987,1,17086000383401641255,10001,6,17934555311738208515,1,0,4521984,1,4521989
0,4521988,1,17086000383401641255,10009,1,18446744073709551614,6,0,-1,3,4521985,4521986,4521987
0,4521989,1,17086000383401641255,10008,0,0,4,0,-1,0
0,4587520,1,17086000383401641255,10007,0,0,4,0,-1,1,4587524
0,4587521,1,17086000383401641255,10003,5,17623573846819452485,0,2,4587520,1,4587525
0,4587522,1,17086000383401641255,10002,2,4941800699662217180,0,1,4587520,1,4587525
0,4587523,1,17086000383401641255,10001,6,17934555311738208515,1,0,4587520,1,4587525
0,4587524,1,17086000383401641255,10009,1,18446744073709551614,6,0,-1,3,4587521,4587522,4587523
0,4587525,1,17086000383401641255,10008,0,0,4,0,-1,0
0,4653056,1,17086000383401641255,10007,0,0,4,0,-1,1,4653060
0,4653057,1,17086000383401641255,10003,5,17623573846819452485,0,2,4653056,1,4653061
0,4653058,1,17086000383401641255,10002,2,4941800699662217180,0,1,4653056,1,4653061
0,4653059,1,17086000383401641255,10001,6,17934555311738208515,1,0,4653056,1,4653061
0,4653060,1,17086000383401641255,10009,1,18446744073709551614,6,0,-1,3,4653057,4653058,4653059
0,4653061,1,17086000383401641255,10008,0,0,4,0,-1,0
0,4718592,1,17086000383401641255,10007,0,0,4,0,-1,1,4718596
0,4718593,1,17086000383401641255,10003,5,17623573846819452485,0,2,4718592,1,4718597
0,4718594,1,17086000383401641255,10002,2,4941800699662217180,0,1,4718592,1,4718597
0,4718595,1,17086000383401641255,10001,6,17934555311738208515,1,0,4718592,1,4718597
0,4718596,1,17086000383401641255,10009,1,18446744073709551614,6,0,-1,3,4718593,4718594,4718595
0,4718597,1,17086000383401641255,10008,0,0,4,0,-1,0
0,4784128,1,17086000383401641255,10007,0,0,4,0,-1,1,4784132
0,4784129,1,17086000383401641255,10003,5,17623573846819452485,0,2,4784128,1,4784133
0,4784130,1,17086000383401641255,10002,2,4941800699662217180,0,1,4784128,1,4784133
0,4784131,1,17086000383401641255,10001,6,17934555311738208515,1,0,4784128,1,4784133
0,4784132,1,17086000383401641255,10009,1,18446744073709551614,6,0,-1,3,4784129,4784130,4784131
0,4784133,1,17086000383401641255,10008,0,0,4,0,-1,0
0,4849664,1,17086000383401641255,10007,0,0,4,0,-1,1,4849668
0,4849665,1,17086000383401641255,10003,5,17623573846819452485,0,2,4849664,1,4849669
0,4849666,1,17086000383401641255,10002,2,4941800699662217180,0,1,4849664,1,4849669
0,4849667,1,17086000383401641255,10001,6,17934555311738208515,1,0,4849664,1,4849669
0,4849668,1,17086000383401641255,10009,1,18446744073709551614,6,0,-1,3,4849665,4849666,4849667
0,4849669,1,17086000383401641255,10008,0,0,4,0,-1,0
0,4915200,1,17086000383401641255,10007,0,0,4,0,-1,1,4915204
0,4915201,1,17086000383401641255,10003,5,17623573846819452485,0,2,4915200,1,4915205
0,4915202,1,17086000383401641255,10002,2,4941800699662217180,0,1,4915200,1,4915205
0,4915203,1,17086000383401641255,10001,6,17934555311738208515,1,0,4915200,1,4915205
0,4915204,1,17086000383401641255,10009,1,18446744073709551614,6,0,-1,3,4915201,4915202,4915203
0,4915205,1,17086000383401641255,10008,0,0,4,0,-1,0
0,4980736,1,17086000383401641255,10007,0,0,4,0,-1,1,4980740
0,4980737,1,17086000383401641255,10003,5,17623573846819452485,0,2,4980736,1,4980741
0,4980738,1,17086000383401641255,10002,2,4941800699662217180,0,1,4980736,1,4980741
0,4980739,1,17086000383401641255,10001,6,17934555311738208515,1,0,4980736,1,4980741
0,4980740,1,17086000383401641255,10009,1,18446744073709551614,6,0,-1,3,4980737,4980738,4980739
0,4980741,1,17086000383401641255,10008,0,0,4,0,-1,0
0,5046272,1,17086000383401641255,10007,0,0,4,0,-1,1,5046276
0,5046273,1,17086000383401641255,10003,5,17623573846819452485,0,2,5046272,1,5046277
0,5046274,1,17086000383401641255,10002,2,4941800699662217180,0,1,5046272,1,5046277
0,5046275,1,17086000383401641255,10001,6,17934555311738208515,1,0,5046272,1,5046277
0,5046276,1,17086000383401641255,10009,1,18446744073709551614,6,0,-1,3,5046273,5046274,5046275
0,5046277,1,17086000383401641255,10008,0,0,4,0,-1,0
0,5111808,1,17086000383401641255,10007,0,0,4,0,-1,1,5111812
0,5111809,1,17086000383401641255,10003,5,17623573846819452485,0,2,5111808,1,5111813
0,5111810,1,17086000383401641255,10002,2,4941800699662217180,0,1,5111808,1,5111813
0,5111811,1,17086000383401641255,10001,6,17934555311738208515,1,0,5111808,1,5111813
0,5111812,1,17086000383401641255,10009,1,18446744073709551614,6,0,-1,3,5111809,5111810,5111811
0,5111813,1,17086000383401641255,10008,0,0,4,0,-1,0
0,5177344,1,17086000383401641255,10007,0,0,4,0,-1,1,5177348
0,5177345,1,17086000383401641255,10003,5,17623573846819452485,0,2,5177344,1,5177349
0,5177346,1,17086000383401641255,10002,2,4941800699662217180,0,1,5177344,1,5177349
0,5177347,1,17086000383401641255,10001,6,17934555311738208515,1,0,5177344,1,5177349
0,5177348,1,17086000383401641255,10009,1,18446744073709551614,6,0,-1,3,5177345,5177346,5177347
0,5177349,1,17086000383401641255,10008,0,0,4,0,-1,0
0,5242880,1,17086000383401641255,10007,0,0,4,0,-1,1,5242884
0,5242881,1,17086000383401641255,10003,5,17623573846819452485,0,2,5242880,1,5242885
0,5242882,1,17086000383401641255,10002,2,4941800699662217180,0,1,5242880,1,5242885
0,5242883,1,17086000383401641255,10001,6,17934555311738208515,1,0,5242880,1,5242885
0,5242884,1,17086000383401641255,10009,1,18446744073709551614,6,0,-1,3,5242881,5242882,5242883
0,5242885,1,17086000383401641255,10008,0,0,4,0,-1,0
0,5308416,1,17086000383401641255,10007,0,0,4,0,-1,1,5308420
0,5308417,1,17086000383401641255,10003,5,17623573846819452485,0,2,5308416,1,5308421
0,5308418,1,17086000383401641255,10002,2,4941800699662217180,0,1,5308416,1,5308421
0,5308419,1,17086000383401641255,10001,6,17934555311738208515,1,0,5308416,1,5308421
0,5308420,1,17086000383401641255,10009,1,18446744073709551614,6,0,-1,3,5308417,5308418,5308419
0,5308421,1,17086000383401641255,10008,0,0,4,0,-1,0
0,5373952,1,17086000383401641255,10007,0,0,4,0,-1,1,5373956
0,5373953,1,17086000383401641255,10003,5,17623573846819452485,0,2,5373952,1,5373957
0,5373954,1,17086000383401641255,10002,2,4941800699662217180,0,1,5373952,1,5373957
0,5373955,1,17086000383401641255,10001,6,17934555311738208515,1,0,5373952,1,5373957
0,5373956,1,17086000383401641255,10009,1,18446744073709551614,6,0,-1,3,5373953,5373954,5373955
0,5373957,1,17086000383401641255,10008,0,0,4,0,-1,0
0,5439488,1,17086000383401641255,10007,0,0,4,0,-1,1,5439492
0,5439489,1,17086000383401641255,10003,5,17623573846819452485,0,2,5439488,1,5439493
0,5439490,1,17086000383401641255,10002,2,4941800699662217180,0,1,5439488,1,5439493
0,5439491,1,17086000383401641255,10001,6,17934555311738208515,1,0,5439488,1,5439493
0,5439492,1,17086000383401641255,10009,1,18446744073709551614,6,0,-1,3,5439489,5439490,5439491
0,5439493,1,17086000383401641255,10008,0,0,4,0,-1,0
0,5505024,1,17086000383401641255,10007,0,0,4,0,-1,1,5505028
0,5505025,1,17086000383401641255,10003,5,17623573846819452485,0,2,5505024,1,5505029
0,5505026,1,17086000383401641255,10002,2,4941800699662217180,0,1,5505024,1,5505029
0,5505027,1,17086000383401641255,10001,6,17934555311738208515,1,0,5505024,1,5505029
0,5505028,1,17086000383401641255,10009,1,18446744073709551614,6,0,-1,3,5505025,5505026,5505027
0,5505029,1,17086000383401641255,10008,0,0,4,0,-1,0
0,5570560,1,17086000383401641255,10007,0,0,4,0,-1,1,5570564
0,5570561,1,17086000383401641255,10003,5,17623573846819452485,0,2,5570560,1,5570565
0,5570562,1,17086000383401641255,10002,2,4941800699662217180,0,1,5570560,1,5570565
0,5570563,1,17086000383401641255,10001,6,17934555311738208515,1,0,5570560,1,5570565
0,5570564,1,17086000383401641255,10009,1,18446744073709551614,6,0,-1,3,5570561,5570562,5570563
0,5570565,1,17086000383401641255,10008,0,0,4,0,-1,0
0,5636096,1,17086000383401641255,10007,0,0,4,0,-1,1,5636100
0,5636097,1,17086000383401641255,10003,5,17623573846819452485,0,2,5636096,1,5636101
0,5636098,1,17086000383401641255,10002,2,4941800699662217180,0,1,5636096,1,5636101
0,5636099,1,17086000383401641255,10001,6,17934555311738208515,1,0,5636096,1,5636101
0,5636100,1,17086000383401641255,10009,1,18446744073709551614,6,0,-1,3,5636097,5636098,5636099
0,5636101,1,17086000383401641255,10008,0,0,4,0,-1,0
0,5701632,1,17086000383401641255,10007,0,0,4,0,-1,1,5701636
0,5701633,1,17086000383401641255,10003,5,17623573846819452485,0,2,5701632,1,5701637
0,5701634,1,17086000383401641255,10002,2,4941800699662217180,0,1,5701632,1,5701637
0,5701635,1,17086000383401641255,10001,6,17934555311738208515,1,0,5701632,1,5701637
0,5701636,1,17086000383401641255,10009,1,18446744073709551614,6,0,-1,3,5701633,5701634,5701635
0,5701637,1,17086000383401641255,10008,0,0,4,0,-1,0
0,5767168,1,17086000383401641255,10007,0,0,4,0,-1,1,5767172
0,5767169,1,17086000383401641255,10003,5,17623573846819452485,0,2,5767168,1,5767173
0,5767170,1,17086000383401641255,10002,2,4941800699662217180,0,1,5767168,1,5767173
0,5767171,1,17086000383401641255,10001,6,17934555311738208515,1,0,5767168,1,5767173
0,5767172,1,17086000383401641255,10009,1,18446744073709551614,6,0,-1,3,5767169,5767170,5767171
0,5767173,1,17086000383401641255,10008,0,0,4,0,-1,0
0,5832704,1,17086000383401641255,10007,0,0,4,0,-1,1,5832708
0,5832705,1,17086000383401641255,10003,5,17623573846819452485,0,2,5832704,1,5832709
0,5832706,1,17086000383401641255,10002,2,4941800699662217180,0,1,5832704,1,5832709
0,5832707,1,17086000383401641255,10001,6,17934555311738208515,1,0,5832704,1,5832709
0,5832708,1,17086000383401641255,10009,1,18446744073709551614,6,0,-1,3,5832705,5832706,5832707
0,5832709,1,17086000383401641255,10008,0,0,4,0,-1,0
0,5898240,1,17086000383401641255,10007,0,0,4,0,-1,1,5898244
0,5898241,1,17086000383401641255,10003,5,17623573846819452485,0,2,5898240,1,5898245
0,5898242,1,17086000383401641255,10002,2,4941800699662217180,0,1,5898240,1,5898245
0,5898243,1,17086000383401641255,10001,6,17934555311738208515,1,0,5898240,1,5898245
0,5898244,1,17086000383401641255,10009,1,18446744073709551614,6,0,-1,3,5898241,5898242,5898243
0,5898245,1,17086000383401641255,10008,0,0,4,0,-1,0
0,5963776,1,17086000383401641255,10007,0,0,4,0,-1,1,5963780
0,5963777,1,17086000383401641255,10003,5,17623573846819452485,0,2,5963776,1,5963781
0,5963778,1,17086000383401641255,10002,2,4941800699662217180,0,1,5963776,1,5963781
0,5963779,1,17086000383401641255,10001,6,17934555311738208515,1,0,5963776,1,5963781
0,5963780,1,17086000383401641255,10009,1,18446744073709551614,6,0,-1,3,5963777,5963778,5963779
0,5963781,1,17086000383401641255,10008,0,0,4,0,-1,0
0,6029312,1,17086000383401641255,10007,0,0,4,0,-1,1,6029316
0,6029313,1,17086000383401641255,10003,5,17623573846819452485,0,2,6029312,1,6029317
0,6029314,1,17086000383401641255,10002,2,4941800699662217180,0,1,6029312,1,6029317
0,6029315,1,17086000383401641255,10001,6,17934555311738208515,1,0,6029312,1,6029317
0,6029316,1,17086000383401641255,10009,1,18446744073709551614,6,0,-1,3,6029313,6029314,6029315
0,6029317,1,17086000383401641255,10008,0,0,4,0,-1,0
0,6094848,1,17086000383401641255,10007,0,0,4,0,-1,1,6094852
0,6094849,1,17086000383401641255,10003,5,17623573846819452485,0,2,6094848,1,6094853
0,6094850,1,17086000383401641255,10002,2,4941800699662217180,0,1,6094848,1,6094853
0,6094851,1,17086000383401641255,10001,6,17934555311738208515,1,0,6094848,1,6094853
0,6094852,1,17086000383401641255,10009,1,18446744073709551614,6,0,-1,3,6094849,6094850,6094851
0,6094853,1,17086000383401641255,10008,0,0,4,0,-1,0
0,6160384,1,17086000383401641255,10007,0,0,4,0,-1,1,6160388
0,6160385,1,17086000383401641255,10003,5,17623573846819452485,0,2,6160384,1,6160389
0,6160386,1,17086000383401641255,10002,2,4941800699662217180,0,1,6160384,1,6160389
0,6160387,1,17086000383401641255,10001,6,17934555311738208515,1,0,6160384,1,6160389
0,6160388,1,17086000383401641255,10009,1,18446744073709551614,6,0,-1,3,6160385,6160386,6160387
0,6160389,1,17086000383401641255,10008,0,0,4,0,-1,0
0,6225920,1,17086000383401641255,10007,0,0,4,0,-1,1,6225924
0,6225921,1,17086000383401641255,10003,5,17623573846819452485,0,2,6225920,1,6225925
0,6225922,1,17086000383401641255,10002,2,4941800699662217180,0,1,6225920,1,6225925
0,6225923,1,17086000383401641255,10001,6,17934555311738208515,1,0,6225920,1,6225925
0,6225924,1,17086000383401641255,10009,1,18446744073709551614,6,0,-1,3,6225921,6225922,6225923
0,6225925,1,17086000383401641255,10008,0,0,4,0,-1,0
0,6291456,1,17086000383401641255,10007,0,0,4,0,-1,1,6291460
0,6291457,1,17086000383401641255,10003,5,17623573846819452485,0,2,6291456,1,6291461
0,6291458,1,17086000383401641255,10002,2,4941800699662217180,0,1,6291456,1,6291461
0,6291459,1,17086000383401641255,10001,6,17934555311738208515,1,0,6291456,1,6291461
0,6291460,1,17086000383401641255,10009,1,18446744073709551614,6,0,-1,3,6291457,6291458,6291459
0,6291461,1,17086000383401641255,10008,0,0,4,0,-1,0
0,6356992,1,17086000383401641255,10007,0,0,4,0,-1,1,6356996
0,6356993,1,17086000383401641255,10003,5,17623573846819452485,0,2,6356992,1,6356997
0,6356994,1,17086000383401641255,10002,2,4941800699662217180,0,1,6356992,1,6356997
0,6356995,1,17086000383401641255,10001,6,17934555311738208515,1,0,6356992,1,6356997
0,6356996,1,17086000383401641255,10009,1,18446744073709551614,6,0,-1,3,6356993,6356994,6356995
0,6356997,1,17086000383401641255,10008,0,0,4,0,-1,0
0,6422528,1,17086000383401641255,10007,0,0,4,0,-1,1,6422532
0,6422529,1,17086000383401641255,10003,5,17623573846819452485,0,2,6422528,1,6422533
0,6422530,1,17086000383401641255,10002,2,4941800699662217180,0,1,6422528,1,6422533
0,6422531,1,17086000383401641255,10001,6,17934555311738208515,1,0,6422528,1,6422533
0,6422532,1,17086000383401641255,10009,1,18446744073709551614,6,0,-1,3,6422529,6422530,6422531
0,6422533,1,17086000383401641255,10008,0,0,4,0,-1,0
0,6488064,1,17086000383401641255,10007,0,0,4,0,-1,1,6488068
0,6488065,1,17086000383401641255,10003,5,17623573846819452485,0,2,6488064,1,6488069
0,6488066,1,17086000383401641255,10002,2,4941800699662217180,0,1,6488064,1,6488069
0,6488067,1,17086000383401641255,10001,6,17934555311738208515,1,0,6488064,1,6488069
0,6488068,1,17086000383401641255,10009,1,18446744073709551614,6,0,-1,3,6488065,6488066,6488067
0,6488069,1,17086000383401641255,10008,0,0,4,0,-1,0
0,6553600,1,17086000383401641255,10007,0,0,4,0,-1,1,6553604
0,6553601,1,17086000383401641255,10003,5,17623573846819452485,0,2,6553600,1,6553605
0,6553602,1,17086000383401641255,10002,2,4941800699662217180,0,1,6553600,1,6553605
0,6553603,1,17086000383401641255,10001,6,17934555311738208515,1,0,6553600,1,6553605
0,6553604,1,17086000383401641255,10009,1,18446744073709551614,6,0,-1,3,6553601,6553602,6553603
0,6553605,1,17086000383401641255,10008,0,0,4,0,-1,0
0,6619136,1,17086000383401641255,10007,0,0,4,0,-1,1,6619140
0,6619137,1,17086000383401641255,10003,5,17623573846819452485,0,2,6619136,1,6619141
0,6619138,1,17086000383401641255,10002,2,4941800699662217180,0,1,6619136,1,6619141
0,6619139,1,17086000383401641255,10001,6,17934555311738208515,1,0,6619136,1,6619141
0,6619140,1,17086000383401641255,10009,1,18446744073709551614,6,0,-1,3,6619137,6619138,6619139
0,6619141,1,17086000383401641255,10008,0,0,4,0,-1,0
0,6684672,1,17086000383401641255,10007,0,0,4,0,-1,1,6684676
0,6684673,1,17086000383401641255,10003,5,17623573846819452485,0,2,6684672,1,6684677
0,6684674,1,17086000383401641255,10002,2,4941800699662217180,0,1,6684672,1,6684677
0,6684675,1,17086000383401641255,10001,6,17934555311738208515,1,0,6684672,1,6684677
0,6684676,1,17086000383401641255,10009,1,18446744073709551614,6,0,-1,3,6684673,6684674,6684675
0,6684677,1,17086000383401641255,10008,0,0,4,0,-1,0
0,6750208,1,17086000383401641255,10007,0,0,4,0,-1,1,6750212
0,6750209,1,17086000383401641255,10003,5,17623573846819452485,0,2,6750208,1,6750213
0,6750210,1,17086000383401641255,10002,2,4941800699662217180,0,1,6750208,1,6750213
0,6750211,1,17086000383401641255,10001,6,17934555311738208515,1,0,6750208,1,6750213
0,6750212,1,17086000383401641255,10009,1,18446744073709551614,6,0,-1,3,6750209,6750210,6750211
0,6750213,1,17086000383401641255,10008,0,0,4,0,-1,0
0,6815744,1,17086000383401641255,10007,0,0,4,0,-1,1,6815748
0,6815745,1,17086000383401641255,10003,5,17623573846819452485,0,2,6815744,1,6815749
0,6815746,1,17086000383401641255,10002,2,4941800699662217180,0,1,6815744,1,6815749
0,6815747,1,17086000383401641255,10001,6,17934555311738208515,1,0,6815744,1,6815749
0,6815748,1,17086000383401641255,10009,1,18446744073709551614,6,0,-1,3,6815745,6815746,6815747
0,6815749,1,17086000383401641255,10008,0,0,4,0,-1,0
0,6881280,1,17086000383401641255,10007,0,0,4,0,-1,1,6881284
0,6881281,1,17086000383401641255,10003,5,17623573846819452485,0,2,6881280,1,6881285
0,6881282,1,17086000383401641255,10002,2,4941800699662217180,0,1,6881280,1,6881285
0,6881283,1,17086000383401641255,10001,6,17934555311738208515,1,0,6881280,1,6881285
0,6881284,1,17086000383401641255,10009,1,18446744073709551614,6,0,-1,3,6881281,6881282,6881283
0,6881285,1,17086000383401641255,10008,0,0,4,0,-1,0
0,6946816,1,17086000383401641255,10007,0,0,4,0,-1,1,6946820
0,6946817,1,17086000383401641255,10003,5,17623573846819452485,0,2,6946816,1,6946821
0,6946818,1,17086000383401641255,10002,2,4941800699662217180,0,1,6946816,1,6946821
0,6946819,1,17086000383401641255,10001,6,17934555311738208515,1,0,6946816,1,6946821
0,6946820,1,17086000383401641255,10009,1,18446744073709551614,6,0,-1,3,6946817,6946818,6946819
0,6946821,1,17086000383401641255,10008,0,0,4,0,-1,0
0,7012352,1,17086000383401641255,10007,0,0,4,0,-1,1,7012356
0,7012353,1,17086000383401641255,10003,5,17623573846819452485,0,2,7012352,1,7012357
0,7012354,1,17086000383401641255,10002,2,4941800699662217180,0,1,7012352,1,7012357
0,7012355,1,17086000383401641255,10001,6,17934555311738208515,1,0,7012352,1,7012357
0,7012356,1,17086000383401641255,10009,1,18446744073709551614,6,0,-1,3,7012353,7012354,7012355
0,7012357,1,17086000383401641255,10008,0,0,4,0,-1,0
0,7077888,1,17086000383401641255,10007,0,0,4,0,-1,1,7077892
0,7077889,1,17086000383401641255,10003,5,17623573846819452485,0,2,7077888,1,7077893
0,7077890,1,17086000383401641255,10002,2,4941800699662217180,0,1,7077888,1,7077893
0,7077891,1,17086000383401641255,10001,6,17934555311738208515,1,0,7077888,1,7077893
0,7077892,1,17086000383401641255,10009,1,18446744073709551614,6,0,-1,3,7077889,7077890,7077891
0,7077893,1,17086000383401641255,10008,0,0,4,0,-1,0
0,7143424,1,17086000383401641255,10007,0,0,4,0,-1,1,7143428
0,7143425,1,17086000383401641255,10003,5,17623573846819452485,0,2,7143424,1,7143429
0,7143426,1,17086000383401641255,10002,2,4941800699662217180,0,1,7143424,1,7143429
0,7143427,1,17086000383401641255,10001,6,17934555311738208515,1,0,7143424,1,7143429
0,7143428,1,17086000383401641255,10009,1,18446744073709551614,6,0,-1,3,7143425,7143426,7143427
0,7143429,1,17086000383401641255,10008,0,0,4,0,-1,0
0,7208960,1,17086000383401641255,10007,0,0,4,0,-1,1,7208964
0,7208961,1,17086000383401641255,10003,5,17623573846819452485,0,2,7208960,1,7208965
0,7208962,1,17086000383401641255,10002,2,4941800699662217180,0,1,7208960,1,7208965
0,7208963,1,17086000383401641255,10001,6,17934555311738208515,1,0,7208960,1,7208965
0,7208964,1,17086000383401641255,10009,1,18446744073709551614,6,0,-1,3,7208961,7208962,7208963
0,7208965,1,17086000383401641255,10008,0,0,4,0,-1,0
0,7274496,1,17086000383401641255,10007,0,0,4,0,-1,1,7274500
0,7274497,1,17086000383401641255,10003,5,17623573846819452485,0,2,7274496,1,7274501
0,7274498,1,17086000383401641255,10002,2,4941800699662217180,0,1,7274496,1,7274501
0,7274499,1,17086000383401641255,10001,6,17934555311738208515,1,0,7274496,1,7274501
0,7274500,1,17086000383401641255,10009,1,18446744073709551614,6,0,-1,3,7274497,7274498,7274499
0,7274501,1,17086000383401641255,10008,0,0,4,0,-1,0
0,7340032,1,17086000383401641255,10007,0,0,4,0,-1,1,7340036
0,7340033,1,17086000383401641255,10003,5,17623573846819452485,0,2,7340032,1,7340037
0,7340034,1,17086000383401641255,10002,2,4941800699662217180,0,1,7340032,1,7340037
0,7340035,1,17086000383401641255,10001,6,17934555311738208515,1,0,7340032,1,7340037
0,7340036,1,17086000383401641255,10009,1,18446744073709551614,6,0,-1,3,7340033,7340034,7340035
0,7340037,1,17086000383401641255,10008,0,0,4,0,-1,0
0,7405568,1,17086000383401641255,10007,0,0,4,0,-1,1,7405572
0,7405569,1,17086000383401641255,10003,5,17623573846819452485,0,2,7405568,1,7405573
0,7405570,1,17086000383401641255,10002,2,4941800699662217180,0,1,7405568,1,7405573
0,7405571,1,17086000383401641255,10001,6,17934555311738208515,1,0,7405568,1,7405573
0,7405572,1,17086000383401641255,10009,1,18446744073709551614,6,0,-1,3,7405569,7405570,7405571
0,7405573,1,17086000383401641255,10008,0,0,4,0,-1,0
0,7471104,1,17086000383401641255,10007,0,0,4,0,-1,1,7471108
0,7471105,1,17086000383401641255,10003,5,17623573846819452485,0,2,7471104,1,7471109
0,7471106,1,17086000383401641255,10002,2,4941800699662217180,0,1,7471104,1,7471109
0,7471107,1,17086000383401641255,10001,6,17934555311738208515,1,0,7471104,1,7471109
0,7471108,1,17086000383401641255,10009,1,18446744073709551614,6,0,-1,3,7471105,7471106,7471107
0,7471109,1,17086000383401641255,10008,0,0,4,0,-1,0
0,7536640,1,17086000383401641255,10007,0,0,4,0,-1,1,7536644
0,7536641,1,17086000383401641255,10003,5,17623573846819452485,0,2,7536640,1,7536645
0,7536642,1,17086000383401641255,10002,2,4941800699662217180,0,1,7536640,1,7536645
0,7536643,1,17086000383401641255,10001,6,17934555311738208515,1,0,7536640,1,7536645
0,7536644,1,17086000383401641255,10009,1,18446744073709551614,6,0,-1,3,7536641,7536642,7536643
0,7536645,1,17086000383401641255,10008,0,0,4,0,-1,0
0,7602176,1,17086000383401641255,10007,0,0,4,0,-1,1,7602180
0,7602177,1,17086000383401641255,10003,5,17623573846819452485,0,2,7602176,1,7602181
0,7602178,1,17086000383401641255,10002,2,4941800699662217180,0,1,7602176,1,7602181
0,7602179,1,17086000383401641255,10001,6,17934555311738208515,1,0,7602176,1,7602181
0,7602180,1,17086000383401641255,10009,1,18446744073709551614,6,0,-1,3,7602177,7602178,7602179
0,7602181,1,17086000383401641255,10008,0,0,4,0,-1,0
0,7667712,1,17086000383401641255,10007,0,0,4,0,-1,1,7667716
0,7667713,1,17086000383401641255,10003,5,17623573846819452485,0,2,7667712,1,7667717
0,7667714,1,17086000383401641255,10002,2,4941800699662217180,0,1,7667712,1,7667717
0,7667715,1,17086000383401641255,10001,6,17934555311738208515,1,0,7667712,1,7667717
0,7667716,1,17086000383401641255,10009,1,18446744073709551614,6,0,-1,3,7667713,7667714,7667715
0,7667717,1,17086000383401641255,10008,0,0,4,0,-1,0
0,7733248,1,17086000383401641255,10007,0,0,4,0,-1,1,7733252
0,7733249,1,17086000383401641255,10003,5,17623573846819452485,0,2,7733248,1,7733253
0,7733250,1,17086000383401641255,10002,2,4941800699662217180,0,1,7733248,1,7733253
0,7733251,1,17086000383401641255,10001,6,17934555311738208515,1,0,7733248,1,7733253
0,7733252,1,17086000383401641255,10009,1,18446744073709551614,6,0,-1,3,7733249,7733250,7733251
0,7733253,1,17086000383401641255,10008,0,0,4,0,-1,0
0,7798784,1,17086000383401641255,10007,0,0,4,0,-1,1,7798788
0,7798785,1,17086000383401641255,10003,5,17623573846819452485,0,2,7798784,1,7798789
0,7798786,1,17086000383401641255,10002,2,4941800699662217180,0,1,7798784,1,7798789
0,7798787,1,17086000383401641255,10001,6,17934555311738208515,1,0,7798784,1,7798789
0,7798788,1,17086000383401641255,10009,1,18446744073709551614,6,0,-1,3,7798785,7798786,7798787
0,7798789,1,17086000383401641255,10008,0,0,4,0,-1,0
0,7864320,1,17086000383401641255,10007,0,0,4,0,-1,1,7864324
0,7864321,1,17086000383401641255,10003,5,17623573846819452485,0,2,7864320,1,7864325
0,7864322,1,17086000383401641255,10002,2,4941800699662217180,0,1,7864320,1,7864325
0,7864323,1,17086000383401641255,10001,6,17934555311738208515,1,0,7864320,1,7864325
0,7864324,1,17086000383401641255,10009,1,18446744073709551614,6,0,-1,3,7864321,7864322,7864323
0,7864325,1,17086000383401641255,10008,0,0,4,0,-1,0
0,7929856,1,17086000383401641255,10007,0,0,4,0,-1,1,7929860
0,7929857,1,17086000383401641255,10003,5,17623573846819452485,0,2,7929856,1,7929861
0,7929858,1,17086000383401641255,10002,2,4941800699662217180,0,1,7929856,1,7929861
0,7929859,1,17086000383401641255,10001,6,17934555311738208515,1,0,7929856,1,7929861
0,7929860,1,17086000383401641255,10009,1,18446744073709551614,6,0,-1,3,7929857,7929858,7929859
0,7929861,1,17086000383401641255,10008,0,0,4,0,-1,0
0,7995392,1,17086000383401641255,10007,0,0,4,0,-1,1,7995396
0,7995393,1,17086000383401641255,10003,5,17623573846819452485,0,2,7995392,1,7995397
0,7995394,1,17086000383401641255,10002,2,4941800699662217180,0,1,7995392,1,7995397
0,7995395,1,17086000383401641255,10001,6,17934555311738208515,1,0,7995392,1,7995397
0,7995396,1,17086000383401641255,10009,1,18446744073709551614,6,0,-1,3,7995393,7995394,7995395
0,7995397,1,17086000383401641255,10008,0,0,4,0,-1,0
0,8060928,1,17086000383401641255,10007,0,0,4,0,-1,1,8060932
0,8060929,1,17086000383401641255,10003,5,17623573846819452485,0,2,8060928,1,8060933
0,8060930,1,17086000383401641255,10002,2,4941800699662217180,0,1,8060928,1,8060933
0,8060931,1,17086000383401641255,10001,6,17934555311738208515,1,0,8060928,1,8060933
0,8060932,1,17086000383401641255,10009,1,18446744073709551614,6,0,-1,3,8060929,8060930,8060931
0,8060933,1,17086000383401641255,10008,0,0,4,0,-1,0
0,8126464,1,17086000383401641255,10007,0,0,4,0,-1,1,8126468
0,8126465,1,17086000383401641255,10003,5,17623573846819452485,0,2,8126464,1,8126469
0,8126466,1,17086000383401641255,10002,2,4941800699662217180,0,1,8126464,1,8126469
0,8126467,1,17086000383401641255,10001,6,17934555311738208515,1,0,8126464,1,8126469
0,8126468,1,17086000383401641255,10009,1,18446744073709551614,6,0,-1,3,8126465,8126466,8126467
0,8126469,1,17086000383401641255,10008,0,0,4,0,-1,0
0,8192000,1,17086000383401641255,10007,0,0,4,0,-1,1,8192004
0,8192001,1,17086000383401641255,10003,5,17623573846819452485,0,2,8192000,1,8192005
0,8192002,1,17086000383401641255,10002,2,4941800699662217180,0,1,8192000,1,8192005
0,8192003,1,17086000383401641255,10001,6,17934555311738208515,1,0,8192000,1,8192005
0,8192004,1,17086000383401641255,10009,1,18446744073709551614,6,0,-1,3,8192001,8192002,8192003
0,8192005,1,17086000383401641255,10008,0,0,4,0,-1,0
0,8257536,1,17086000383401641255,10007,0,0,4,0,-1,1,8257540
0,8257537,1,17086000383401641255,10003,5,17623573846819452485,0,2,8257536,1,8257541
0,8257538,1,17086000383401641255,10002,2,4941800699662217180,0,1,8257536,1,8257541
0,8257539,1,17086000383401641255,10001,6,17934555311738208515,1,0,8257536,1,8257541
0,8257540,1,17086000383401641255,10009,1,18446744073709551614,6,0,-1,3,8257537,8257538,8257539
0,8257541,1,17086000383401641255,10008,0,0,4,0,-1,0
0,8323072,1,17086000383401641255,10007,0,0,4,0,-1,1,8323076
0,8323073,1,17086000383401641255,10003,5,17623573846819452485,0,2,8323072,1,8323077
0,8323074,1,17086000383401641255,10002,2,4941800699662217180,0,1,8323072,1,8323077
0,8323075,1,17086000383401641255,10001,6,17934555311738208515,1,0,8323072,1,8323077
0,8323076,1,17086000383401641255,10009,1,18446744073709551614,6,0,-1,3,8323073,8323074,8323075
0,8323077,1,17086000383401641255,10008,0,0,4,0,-1,0
0,8388608,1,17086000383401641255,10007,0,0,4,0,-1,1,8388612
0,8388609,1,17086000383401641255,10003,5,17623573846819452485,0,2,8388608,1,8388613
0,8388610,1,17086000383401641255,10002,2,4941800699662217180,0,1,8388608,1,8388613
0,8388611,1,17086000383401641255,10001,6,17934555311738208515,1,0,8388608,1,8388613
0,8388612,1,17086000383401641255,10009,1,18446744073709551614,6,0,-1,3,8388609,8388610,8388611
0,8388613,1,17086000383401641255,10008,0,0,4,0,-1,0
0,8454144,1,17086000383401641255,10007,0,0,4,0,-1,1,8454148
0,8454145,1,17086000383401641255,10003,5,17623573846819452485,0,2,8454144,1,8454149
0,8454146,1,17086000383401641255,10002,2,4941800699662217180,0,1,8454144,1,8454149
0,8454147,1,17086000383401641255,10001,6,17934555311738208515,1,0,8454144,1,8454149
0,8454148,1,17086000383401641255,10009,1,18446744073709551614,6,0,-1,3,8454145,8454146,8454147
0,8454149,1,17086000383401641255,10008,0,0,4,0,-1,0
0,8519680,1,17086000383401641255,10007,0,0,4,0,-1,1,8519684
0,8519681,1,17086000383401641255,10003,5,17623573846819452485,0,2,8519680,1,8519685
0,8519682,1,17086000383401641255,10002,2,4941800699662217180,0,1,8519680,1,8519685
0,8519683,1,17086000383401641255,10001,6,17934555311738208515,1,0,8519680,1,8519685
0,8519684,1,17086000383401641255,10009,1,18446744073709551614,6,0,-1,3,8519681,8519682,8519683
0,8519685,1,17086000383401641255,10008,0,0,4,0,-1,0
0,8585216,1,17086000383401641255,10007,0,0,4,0,-1,1,8585220
0,8585217,1,17086000383401641255,10003,5,17623573846819452485,0,2,8585216,1,8585221
0,8585218,1,17086000383401641255,10002,2,4941800699662217180,0,1,8585216,1,8585221
0,8585219,1,17086000383401641255,10001,6,17934555311738208515,1,0,8585216,1,8585221
0,8585220,1,17086000383401641255,10009,1,18446744073709551614,6,0,-1,3,8585217,8585218,8585219
0,8585221,1,17086000383401641255,10008,0,0,4,0,-1,0
0,8650752,1,17086000383401641255,10007,0,0,4,0,-1,1,8650756
0,8650753,1,17086000383401641255,10003,5,17623573846819452485,0,2,8650752,1,8650757
0,8650754,1,17086000383401641255,10002,2,4941800699662217180,0,1,8650752,1,8650757
0,8650755,1,17086000383401641255,10001,6,17934555311738208515,1,0,8650752,1,8650757
0,8650756,1,17086000383401641255,10009,1,18446744073709551614,6,0,-1,3,8650753,8650754,8650755
0,8650757,1,17086000383401641255,10008,0,0,4,0,-1,0
0,8716288,1,17086000383401641255,10007,0,0,4,0,-1,1,8716292
0,8716289,1,17086000383401641255,10003,5,17623573846819452485,0,2,8716288,1,8716293
0,8716290,1,17086000383401641255,10002,2,4941800699662217180,0,1,8716288,1,8716293
0,8716291,1,17086000383401641255,10001,6,17934555311738208515,1,0,8716288,1,8716293
0,8716292,1,17086000383401641255,10009,1,18446744073709551614,6,0,-1,3,8716289,8716290,8716291
0,8716293,1,17086000383401641255,10008,0,0,4,0,-1,0
0,8781824,1,17086000383401641255,10007,0,0,4,0,-1,1,8781828
0,8781825,1,17086000383401641255,10003,5,17623573846819452485,0,2,8781824,1,8781829
0,8781826,1,17086000383401641255,10002,2,4941800699662217180,0,1,8781824,1,8781829
0,8781827,1,17086000383401641255,10001,6,17934555311738208515,1,0,8781824,1,8781829
0,8781828,1,17086000383401641255,10009,1,18446744073709551614,6,0,-1,3,8781825,8781826,8781827
0,8781829,1,17086000383401641255,10008,0,0,4,0,-1,0
0,8847360,1,17086000383401641255,10007,0,0,4,0,-1,1,8847364
0,8847361,1,17086000383401641255,10003,5,17623573846819452485,0,2,8847360,1,8847365
0,8847362,1,17086000383401641255,10002,2,4941800699662217180,0,1,8847360,1,8847365
0,8847363,1,17086000383401641255,10001,6,17934555311738208515,1,0,8847360,1,8847365
0,8847364,1,17086000383401641255,10009,1,18446744073709551614,6,0,-1,3,8847361,8847362,8847363
0,8847365,1,17086000383401641255,10008,0,0,4,0,-1,0
0,8912896,1,17086000383401641255,10007,0,0,4,0,-1,1,8912900
0,8912897,1,17086000383401641255,10003,5,17623573846819452485,0,2,8912896,1,8912901
0,8912898,1,17086000383401641255,10002,2,4941800699662217180,0,1,8912896,1,8912901
0,8912899,1,17086000383401641255,10001,6,17934555311738208515,1,0,8912896,1,8912901
0,8912900,1,17086000383401641255,10009,1,18446744073709551614,6,0,-1,3,8912897,8912898,8912899
0,8912901,1,17086000383401641255,10008,0,0,4,0,-1,0
0,8978432,1,17086000383401641255,10007,0,0,4,0,-1,1,8978436
0,8978433,1,17086000383401641255,10003,5,17623573846819452485,0,2,8978432,1,8978437
0,8978434,1,17086000383401641255,10002,2,4941800699662217180,0,1,8978432,1,8978437
0,8978435,1,17086000383401641255,10001,6,17934555311738208515,1,0,8978432,1,8978437
0,8978436,1,17086000383401641255,10009,1,18446744073709551614,6,0,-1,3,8978433,8978434,8978435
0,8978437,1,17086000383401641255,10008,0,0,4,0,-1,0
0,9043968,1,17086000383401641255,10007,0,0,4,0,-1,1,9043972
0,9043969,1,17086000383401641255,10003,5,17623573846819452485,0,2,9043968,1,9043973
0,9043970,1,17086000383401641255,10002,2,4941800699662217180,0,1,9043968,1,9043973
0,9043971,1,17086000383401641255,10001,6,17934555311738208515,1,0,9043968,1,9043973
0,9043972,1,17086000383401641255,10009,1,18446744073709551614,6,0,-1,3,9043969,9043970,9043971
0,9043973,1,17086000383401641255,10008,0,0,4,0,-1,0
0,9109504,1,17086000383401641255,10007,0,0,4,0,-1,1,9109508
0,9109505,1,17086000383401641255,10003,5,17623573846819452485,0,2,9109504,1,9109509
0,9109506,1,17086000383401641255,10002,2,4941800699662217180,0,1,9109504,1,9109509
0,9109507,1,17086000383401641255,10001,6,17934555311738208515,1,0,9109504,1,9109509
0,9109508,1,17086000383401641255,10009,1,18446744073709551614,6,0,-1,3,9109505,9109506,9109507
0,9109509,1,17086000383401641255,10008,0,0,4,0,-1,0
0,9175040,1,17086000383401641255,10007,0,0,4,0,-1,1,9175044
0,9175041,1,17086000383401641255,10003,5,17623573846819452485,0,2,9175040,1,9175045
0,9175042,1,17086000383401641255,10002,2,4941800699662217180,0,1,9175040,1,9175045
0,9175043,1,17086000383401641255,10001,6,17934555311738208515,1,0,9175040,1,9175045
0,9175044,1,17086000383401641255,10009,1,18446744073709551614,6,0,-1,3,9175041,9175042,9175043
0,9175045,1,17086000383401641255,10008,0,0,4,0,-1,0
0,9240576,1,17086000383401641255,10007,0,0,4,0,-1,1,9240580
0,9240577,1,17086000383401641255,10003,5,17623573846819452485,0,2,9240576,1,9240581
0,9240578,1,17086000383401641255,10002,2,4941800699662217180,0,1,9240576,1,9240581
0,9240579,1,17086000383401641255,10001,6,17934555311738208515,1,0,9240576,1,9240581
0,9240580,1,17086000383401641255,10009,1,18446744073709551614,6,0,-1,3,9240577,9240578,9240579
0,9240581,1,17086000383401641255,10008,0,0,4,0,-1,0
0,9306112,1,17086000383401641255,10007,0,0,4,0,-1,1,9306116
0,9306113,1,17086000383401641255,10003,5,17623573846819452485,0,2,9306112,1,9306117
0,9306114,1,17086000383401641255,10002,2,4941800699662217180,0,1,9306112,1,9306117
0,9306115,1,17086000383401641255,10001,6,17934555311738208515,1,0,9306112,1,9306117
0,9306116,1,17086000383401641255,10009,1,18446744073709551614,6,0,-1,3,9306113,9306114,9306115
0,9306117,1,17086000383401641255,10008,0,0,4,0,-1,0
0,9371648,1,17086000383401641255,10007,0,0,4,0,-1,1,9371652
0,9371649,1,17086000383401641255,10003,5,17623573846819452485,0,2,9371648,1,9371653
0,9371650,1,17086000383401641255,10002,2,4941800699662217180,0,1,9371648,1,9371653
0,9371651,1,17086000383401641255,10001,6,17934555311738208515,1,0,9371648,1,9371653
0,9371652,1,17086000383401641255,10009,1,18446744073709551614,6,0,-1,3,9371649,9371650,9371651
0,9371653,1,17086000383401641255,10008,0,0,4,0,-1,0
0,9437184,1,17086000383401641255,10007,0,0,4,0,-1,1,9437188
0,9437185,1,17086000383401641255,10003,5,17623573846819452485,0,2,9437184,1,9437189
0,9437186,1,17086000383401641255,10002,2,4941800699662217180,0,1,9437184,1,9437189
0,9437187,1,17086000383401641255,10001,6,17934555311738208515,1,0,9437184,1,9437189
0,9437188,1,17086000383401641255,10009,1,18446744073709551614,6,0,-1,3,9437185,9437186,9437187
0,9437189,1,17086000383401641255,10008,0,0,4,0,-1,0
0,9502720,1,17086000383401641255,10007,0,0,4,0,-1,1,9502724
0,9502721,1,17086000383401641255,10003,5,17623573846819452485,0,2,9502720,1,9502725
0,9502722,1,17086000383401641255,10002,2,4941800699662217180,0,1,9502720,1,9502725
0,9502723,1,17086000383401641255,10001,6,17934555311738208515,1,0,9502720,1,9502725
0,9502724,1,17086000383401641255,10009,1,18446744073709551614,6,0,-1,3,9502721,9502722,9502723
0,9502725,1,17086000383401641255,10008,0,0,4,0,-1,0
0,9568256,1,17086000383401641255,10007,0,0,4,0,-1,1,9568260
0,9568257,1,17086000383401641255,10003,5,17623573846819452485,0,2,9568256,1,9568261
0,9568258,1,17086000383401641255,10002,2,4941800699662217180,0,1,9568256,1,9568261
0,9568259,1,17086000383401641255,10001,6,17934555311738208515,1,0,9568256,1,9568261
0,9568260,1,17086000383401641255,10009,1,18446744073709551614,6,0,-1,3,9568257,9568258,9568259
0,9568261,1,17086000383401641255,10008,0,0,4,0,-1,0
0,9633792,1,17086000383401641255,10007,0,0,4,0,-1,1,9633796
0,9633793,1,17086000383401641255,10003,5,17623573846819452485,0,2,9633792,1,9633797
0,9633794,1,17086000383401641255,10002,2,4941800699662217180,0,1,9633792,1,9633797
0,9633795,1,17086000383401641255,10001,6,17934555311738208515,1,0,9633792,1,9633797
0,9633796,1,17086000383401641255,10009,1,18446744073709551614,6,0,-1,3,9633793,9633794,9633795
0,9633797,1,17086000383401641255,10008,0,0,4,0,-1,0
0,9699328,1,17086000383401641255,10007,0,0,4,0,-1,1,9699332
0,9699329,1,17086000383401641255,10003,5,17623573846819452485,0,2,9699328,1,9699333
0,9699330,1,17086000383401641255,10002,2,4941800699662217180,0,1,9699328,1,9699333
0,9699331,1,17086000383401641255,10001,6,17934555311738208515,1,0,9699328,1,9699333
0,9699332,1,17086000383401641255,10009,1,18446744073709551614,6,0,-1,3,9699329,9699330,9699331
0,9699333,1,17086000383401641255,10008,0,0,4,0,-1,0
0,9764864,1,17086000383401641255,10007,0,0,4,0,-1,1,9764868
0,9764865,1,17086000383401641255,10003,5,17623573846819452485,0,2,9764864,1,9764869
0,9764866,1,17086000383401641255,10002,2,4941800699662217180,0,1,9764864,1,9764869
0,9764867,1,17086000383401641255,10001,6,17934555311738208515,1,0,9764864,1,9764869
0,9764868,1,17086000383401641255,10009,1,18446744073709551614,6,0,-1,3,9764865,9764866,9764867
0,9764869,1,17086000383401641255,10008,0,0,4,0,-1,0
0,9830400,1,17086000383401641255,10007,0,0,4,0,-1,1,9830404
0,9830401,1,17086000383401641255,10003,5,17623573846819452485,0,2,9830400,1,9830405
0,9830402,1,17086000383401641255,10002,2,4941800699662217180,0,1,9830400,1,9830405
0,9830403,1,17086000383401641255,10001,6,17934555311738208515,1,0,9830400,1,9830405
0,9830404,1,17086000383401641255,10009,1,18446744073709551614,6,0,-1,3,9830401,9830402,9830403
0,9830405,1,17086000383401641255,10008,0,0,4,0,-1,0
0,9895936,1,17086000383401641255,10007,0,0,4,0,-1,1,9895940
0,9895937,1,17086000383401641255,10003,5,17623573846819452485,0,2,9895936,1,9895941
0,9895938,1,17086000383401641255,10002,2,4941800699662217180,0,1,9895936,1,9895941
0,9895939,1,17086000383401641255,10001,6,17934555311738208515,1,0,9895936,1,9895941
0,9895940,1,17086000383401641255,10009,1,18446744073709551614,6,0,-1,3,9895937,9895938,9895939
0,9895941,1,17086000383401641255,10008,0,0,4,0,-1,0
0,9961472,1,17086000383401641255,10007,0,0,4,0,-1,1,9961476
0,9961473,1,17086000383401641255,10003,5,17623573846819452485,0,2,9961472,1,9961477
0,9961474,1,17086000383401641255,10002,2,4941800699662217180,0,1,9961472,1,9961477
0,9961475,1,17086000383401641255,10001,6,17934555311738208515,1,0,9961472,1,9961477
0,9961476,1,17086000383401641255,10009,1,18446744073709551614,6,0,-1,3,9961473,9961474,9961475
0,9961477,1,17086000383401641255,10008,0,0,4,0,-1,0
0,10027008,1,17086000383401641255,10007,0,0,4,0,-1,1,10027012
0,10027009,1,17086000383401641255,10003,5,17623573846819452485,0,2,10027008,1,10027013
0,10027010,1,17086000383401641255,10002,2,4941800699662217180,0,1,10027008,1,10027013
0,10027011,1,17086000383401641255,10001,6,17934555311738208515,1,0,10027008,1,10027013
0,10027012,1,17086000383401641255,10009,1,18446744073709551614,6,0,-1,3,10027009,10027010,10027011
0,10027013,1,17086000383401641255,10008,0,0,4,0,-1,0
0,10092544,1,17086000383401641255,10007,0,0,4,0,-1,1,10092548
0,10092545,1,17086000383401641255,10003,5,17623573846819452485,0,2,10092544,1,10092549
0,10092546,1,17086000383401641255,10002,2,4941800699662217180,0,1,10092544,1,10092549
0,10092547,1,17086000383401641255,10001,6,17934555311738208515,1,0,10092544,1,10092549
0,10092548,1,17086000383401641255,10009,1,18446744073709551614,6,0,-1,3,10092545,10092546,10092547
0,10092549,1,17086000383401641255,10008,0,0,4,0,-1,0
0,10158080,1,17086000383401641255,10007,0,0,4,0,-1,1,10158084
0,10158081,1,17086000383401641255,10003,5,17623573846819452485,0,2,10158080,1,10158085
0,10158082,1,17086000383401641255,10002,2,4941800699662217180,0,1,10158080,1,10158085
0,10158083,1,17086000383401641255,10001,6,17934555311738208515,1,0,10158080,1,10158085
0,10158084,1,17086000383401641255,10009,1,18446744073709551614,6,0,-1,3,10158081,10158082,10158083
0,10158085,1,17086000383401641255,10008,0,0,4,0,-1,0
0,10223616,1,17086000383401641255,10007,0,0,4,0,-1,1,10223620
0,10223617,1,17086000383401641255,10003,5,17623573846819452485,0,2,10223616,1,10223621
0,10223618,1,17086000383401641255,10002,2,4941800699662217180,0,1,10223616,1,10223621
0,10223619,1,17086000383401641255,10001,6,17934555311738208515,1,0,10223616,1,10223621
0,10223620,1,17086000383401641255,10009,1,18446744073709551614,6,0,-1,3,10223617,10223618,10223619
0,10223621,1,17086000383401641255,10008,0,0,4,0,-1,0
0,10289152,1,17086000383401641255,10007,0,0,4,0,-1,1,10289156
0,10289153,1,17086000383401641255,10003,5,17623573846819452485,0,2,10289152,1,10289157
0,10289154,1,17086000383401641255,10002,2,4941800699662217180,0,1,10289152,1,10289157
0,10289155,1,17086000383401641255,10001,6,17934555311738208515,1,0,10289152,1,10289157
0,10289156,1,17086000383401641255,10009,1,18446744073709551614,6,0,-1,3,10289153,10289154,10289155
0,10289157,1,17086000383401641255,10008,0,0,4,0,-1,0
0,10354688,1,17086000383401641255,10007,0,0,4,0,-1,1,10354692
0,10354689,1,17086000383401641255,10003,5,17623573846819452485,0,2,10354688,1,10354693
0,10354690,1,17086000383401641255,10002,2,4941800699662217180,0,1,10354688,1,10354693
0,10354691,1,17086000383401641255,10001,6,17934555311738208515,1,0,10354688,1,10354693
0,10354692,1,17086000383401641255,10009,1,18446744073709551614,6,0,-1,3,10354689,10354690,10354691
0,10354693,1,17086000383401641255,10008,0,0,4,0,-1,0
0,10420224,1,17086000383401641255,10007,0,0,4,0,-1,1,10420228
0,10420225,1,17086000383401641255,10003,5,17623573846819452485,0,2,10420224,1,10420229
0,10420226,1,17086000383401641255,10002,2,4941800699662217180,0,1,10420224,1,10420229
0,10420227,1,17086000383401641255,10001,6,17934555311738208515,1,0,10420224,1,10420229
0,10420228,1,17086000383401641255,10009,1,18446744073709551614,6,0,-1,3,10420225,10420226,10420227
0,10420229,1,17086000383401641255,10008,0,0,4,0,-1,0
0,10485760,1,17086000383401641255,10007,0,0,4,0,-1,1,10485764
0,10485761,1,17086000383401641255,10003,5,17623573846819452485,0,2,10485760,1,10485765
0,10485762,1,17086000383401641255,10002,2,4941800699662217180,0,1,10485760,1,10485765
0,10485763,1,17086000383401641255,10001,6,17934555311738208515,1,0,10485760,1,10485765
0,10485764,1,17086000383401641255,10009,1,18446744073709551614,6,0,-1,3,10485761,10485762,10485763
0,10485765,1,17086000383401641255,10008,0,0,4,0,-1,0
0,10551296,1,17086000383401641255,10007,0,0,4,0,-1,1,10551300
0,10551297,1,17086000383401641255,10003,5,17623573846819452485,0,2,10551296,1,10551301
0,10551298,1,17086000383401641255,10002,2,4941800699662217180,0,1,10551296,1,10551301
0,10551299,1,17086000383401641255,10001,6,17934555311738208515,1,0,10551296,1,10551301
0,10551300,1,17086000383401641255,10009,1,18446744073709551614,6,0,-1,3,10551297,10551298,10551299
0,10551301,1,17086000383401641255,10008,0,0,4,0,-1,0
0,10616832,1,17086000383401641255,10007,0,0,4,0,-1,1,10616836
0,10616833,1,17086000383401641255,10003,5,17623573846819452485,0,2,10616832,1,10616837
0,10616834,1,17086000383401641255,10002,2,4941800699662217180,0,1,10616832,1,10616837
0,10616835,1,17086000383401641255,10001,6,17934555311738208515,1,0,10616832,1,10616837
0,10616836,1,17086000383401641255,10009,1,18446744073709551614,6,0,-1,3,10616833,10616834,10616835
0,10616837,1,17086000383401641255,10008,0,0,4,0,-1,0
0,10682368,1,17086000383401641255,10007,0,0,4,0,-1,1,10682372
0,10682369,1,17086000383401641255,10003,5,17623573846819452485,0,2,10682368,1,10682373
0,10682370,1,17086000383401641255,10002,2,4941800699662217180,0,1,10682368,1,10682373
0,10682371,1,17086000383401641255,10001,6,17934555311738208515,1,0,10682368,1,10682373
0,10682372,1,17086000383401641255,10009,1,18446744073709551614,6,0,-1,3,10682369,10682370,10682371
0,10682373,1,17086000383401641255,10008,0,0,4,0,-1,0
0,10747904,1,17086000383401641255,10007,0,0,4,0,-1,1,10747908
0,10747905,1,17086000383401641255,10003,5,17623573846819452485,0,2,10747904,1,10747909
0,10747906,1,17086000383401641255,10002,2,4941800699662217180,0,1,10747904,1,10747909
0,10747907,1,17086000383401641255,10001,6,17934555311738208515,1,0,10747904,1,10747909
0,10747908,1,17086000383401641255,10009,1,18446744073709551614,6,0,-1,3,10747905,10747906,10747907
0,10747909,1,17086000383401641255,10008,0,0,4,0,-1,0
0,10813440,1,17086000383401641255,10007,0,0,4,0,-1,1,10813444
0,10813441,1,17086000383401641255,10003,5,17623573846819452485,0,2,10813440,1,10813445
0,10813442,1,17086000383401641255,10002,2,4941800699662217180,0,1,10813440,1,10813445
0,10813443,1,17086000383401641255,10001,6,17934555311738208515,1,0,10813440,1,10813445
0,10813444,1,17086000383401641255,10009,1,18446744073709551614,6,0,-1,3,10813441,10813442,10813443
0,10813445,1,17086000383401641255,10008,0,0,4,0,-1,0
0,10878976,1,17086000383401641255,10007,0,0,4,0,-1,1,10878980
0,10878977,1,17086000383401641255,10003,5,17623573846819452485,0,2,10878976,1,10878981
0,10878978,1,17086000383401641255,10002,2,4941800699662217180,0,1,10878976,1,10878981
0,10878979,1,17086000383401641255,10001,6,17934555311738208515,1,0,10878976,1,10878981
0,10878980,1,17086000383401641255,10009,1,18446744073709551614,6,0,-1,3,10878977,10878978,10878979
0,10878981,1,17086000383401641255,10008,0,0,4,0,-1,0
0,10944512,1,17086000383401641255,10007,0,0,4,0,-1,1,10944516
0,10944513,1,17086000383401641255,10003,5,17623573846819452485,0,2,10944512,1,10944517
0,10944514,1,17086000383401641255,10002,2,4941800699662217180,0,1,10944512,1,10944517
0,10944515,1,17086000383401641255,10001,6,17934555311738208515,1,0,10944512,1,10944517
0,10944516,1,17086000383401641255,10009,1,18446744073709551614,6,0,-1,3,10944513,10944514,10944515
0,10944517,1,17086000383401641255,10008,0,0,4,0,-1,0
0,11010048,1,17086000383401641255,10007,0,0,4,0,-1,1,11010052
0,11010049,1,17086000383401641255,10003,5,17623573846819452485,0,2,11010048,1,11010053
0,11010050,1,17086000383401641255,10002,2,4941800699662217180,0,1,11010048,1,11010053
0,11010051,1,17086000383401641255,10001,6,17934555311738208515,1,0,11010048,1,11010053
0,11010052,1,17086000383401641255,10009,1,18446744073709551614,6,0,-1,3,11010049,11010050,11010051
0,11010053,1,17086000383401641255,10008,0,0,4,0,-1,0
0,11075584,1,17086000383401641255,10007,0,0,4,0,-1,1,11075588
0,11075585,1,17086000383401641255,10003,5,17623573846819452485,0,2,11075584,1,11075589
0,11075586,1,17086000383401641255,10002,2,4941800699662217180,0,1,11075584,1,11075589
0,11075587,1,17086000383401641255,10001,6,17934555311738208515,1,0,11075584,1,11075589
0,11075588,1,17086000383401641255,10009,1,18446744073709551614,6,0,-1,3,11075585,11075586,11075587
0,11075589,1,17086000383401641255,10008,0,0,4,0,-1,0
0,11141120,1,17086000383401641255,10007,0,0,4,0,-1,1,11141124
0,11141121,1,17086000383401641255,10003,5,17623573846819452485,0,2,11141120,1,11141125
0,11141122,1,17086000383401641255,10002,2,4941800699662217180,0,1,11141120,1,11141125
0,11141123,1,17086000383401641255,10001,6,17934555311738208515,1,0,11141120,1,11141125
0,11141124,1,17086000383401641255,10009,1,18446744073709551614,6,0,-1,3,11141121,11141122,11141123
0,11141125,1,17086000383401641255,10008,0,0,4,0,-1,0
0,11206656,1,17086000383401641255,10007,0,0,4,0,-1,1,11206660
0,11206657,1,17086000383401641255,10003,5,17623573846819452485,0,2,11206656,1,11206661
0,11206658,1,17086000383401641255,10002,2,4941800699662217180,0,1,11206656,1,11206661
0,11206659,1,17086000383401641255,10001,6,17934555311738208515,1,0,11206656,1,11206661
0,11206660,1,17086000383401641255,10009,1,18446744073709551614,6,0,-1,3,11206657,11206658,11206659
0,11206661,1,17086000383401641255,10008,0,0,4,0,-1,0
0,11272192,1,17086000383401641255,10007,0,0,4,0,-1,1,11272196
0,11272193,1,17086000383401641255,10003,5,17623573846819452485,0,2,11272192,1,11272197
0,11272194,1,17086000383401641255,10002,2,4941800699662217180,0,1,11272192,1,11272197
0,11272195,1,17086000383401641255,10001,6,17934555311738208515,1,0,11272192,1,11272197
0,11272196,1,17086000383401641255,10009,1,18446744073709551614,6,0,-1,3,11272193,11272194,11272195
0,11272197,1,17086000383401641255,10008,0,0,4,0,-1,0
0,11337728,1,17086000383401641255,10007,0,0,4,0,-1,1,11337732
0,11337729,1,17086000383401641255,10003,5,17623573846819452485,0,2,11337728,1,11337733
0,11337730,1,17086000383401641255,10002,2,4941800699662217180,0,1,11337728,1,11337733
0,11337731,1,17086000383401641255,10001,6,17934555311738208515,1,0,11337728,1,11337733
0,11337732,1,17086000383401641255,10009,1,18446744073709551614,6,0,-1,3,11337729,11337730,11337731
0,11337733,1,17086000383401641255,10008,0,0,4,0,-1,0
0,11403264,1,17086000383401641255,10007,0,0,4,0,-1,1,11403268
0,11403265,1,17086000383401641255,10003,5,17623573846819452485,0,2,11403264,1,11403269
0,11403266,1,17086000383401641255,10002,2,4941800699662217180,0,1,11403264,1,11403269
0,11403267,1,17086000383401641255,10001,6,17934555311738208515,1,0,11403264,1,11403269
0,11403268,1,17086000383401641255,10009,1,18446744073709551614,6,0,-1,3,11403265,11403266,11403267
0,11403269,1,17086000383401641255,10008,0,0,4,0,-1,0
0,11468800,1,17086000383401641255,10007,0,0,4,0,-1,1,11468804
0,11468801,1,17086000383401641255,10003,5,17623573846819452485,0,2,11468800,1,11468805
0,11468802,1,17086000383401641255,10002,2,4941800699662217180,0,1,11468800,1,11468805
0,11468803,1,17086000383401641255,10001,6,17934555311738208515,1,0,11468800,1,11468805
0,11468804,1,17086000383401641255,10009,1,18446744073709551614,6,0,-1,3,11468801,11468802,11468803
0,11468805,1,17086000383401641255,10008,0,0,4,0,-1,0
0,11534336,1,17086000383401641255,10007,0,0,4,0,-1,1,11534340
0,11534337,1,17086000383401641255,10003,5,17623573846819452485,0,2,11534336,1,11534341
0,11534338,1,17086000383401641255,10002,2,4941800699662217180,0,1,11534336,1,11534341
0,11534339,1,17086000383401641255,10001,6,17934555311738208515,1,0,11534336,1,11534341
0,11534340,1,17086000383401641255,10009,1,18446744073709551614,6,0,-1,3,11534337,11534338,11534339
0,11534341,1,17086000383401641255,10008,0,0,4,0,-1,0
0,11599872,1,17086000383401641255,10007,0,0,4,0,-1,1,11599876
0,11599873,1,17086000383401641255,10003,5,17623573846819452485,0,2,11599872,1,11599877
0,11599874,1,17086000383401641255,10002,2,4941800699662217180,0,1,11599872,1,11599877
0,11599875,1,17086000383401641255,10001,6,17934555311738208515,1,0,11599872,1,11599877
0,11599876,1,17086000383401641255,10009,1,18446744073709551614,6,0,-1,3,11599873,11599874,11599875
0,11599877,1,17086000383401641255,10008,0,0,4,0,-1,0
0,11665408,1,17086000383401641255,10007,0,0,4,0,-1,1,11665412
0,11665409,1,17086000383401641255,10003,5,17623573846819452485,0,2,11665408,1,11665413
0,11665410,1,17086000383401641255,10002,2,4941800699662217180,0,1,11665408,1,11665413
0,11665411,1,17086000383401641255,10001,6,17934555311738208515,1,0,11665408,1,11665413
0,11665412,1,17086000383401641255,10009,1,18446744073709551614,6,0,-1,3,11665409,11665410,11665411
0,11665413,1,17086000383401641255,10008,0,0,4,0,-1,0
0,11730944,1,17086000383401641255,10007,0,0,4,0,-1,1,11730948
0,11730945,1,17086000383401641255,10003,5,17623573846819452485,0,2,11730944,1,11730949
0,11730946,1,17086000383401641255,10002,2,4941800699662217180,0,1,11730944,1,11730949
0,11730947,1,17086000383401641255,10001,6,17934555311738208515,1,0,11730944,1,11730949
0,11730948,1,17086000383401641255,10009,1,18446744073709551614,6,0,-1,3,11730945,11730946,11730947
0,11730949,1,17086000383401641255,10008,0,0,4,0,-1,0
0,11796480,1,17086000383401641255,10007,0,0,4,0,-1,1,11796484
0,11796481,1,17086000383401641255,10003,5,17623573846819452485,0,2,11796480,1,11796485
0,11796482,1,17086000383401641255,10002,2,4941800699662217180,0,1,11796480,1,11796485
0,11796483,1,17086000383401641255,10001,6,17934555311738208515,1,0,11796480,1,11796485
0,11796484,1,17086000383401641255,10009,1,18446744073709551614,6,0,-1,3,11796481,11796482,11796483
0,11796485,1,17086000383401641255,10008,0,0,4,0,-1,0
0,11862016,1,17086000383401641255,10007,0,0,4,0,-1,1,11862020
0,11862017,1,17086000383401641255,10003,5,17623573846819452485,0,2,11862016,1,11862021
0,11862018,1,17086000383401641255,10002,2,4941800699662217180,0,1,11862016,1,11862021
0,11862019,1,17086000383401641255,10001,6,17934555311738208515,1,0,11862016,1,11862021
0,11862020,1,17086000383401641255,10009,1,18446744073709551614,6,0,-1,3,11862017,11862018,11862019
0,11862021,1,17086000383401641255,10008,0,0,4,0,-1,0
0,11927552,1,17086000383401641255,10007,0,0,4,0,-1,1,11927556
0,11927553,1,17086000383401641255,10003,5,17623573846819452485,0,2,11927552,1,11927557
0,11927554,1,17086000383401641255,10002,2,4941800699662217180,0,1,11927552,1,11927557
0,11927555,1,17086000383401641255,10001,6,17934555311738208515,1,0,11927552,1,11927557
0,11927556,1,17086000383401641255,10009,1,18446744073709551614,6,0,-1,3,11927553,11927554,11927555
0,11927557,1,17086000383401641255,10008,0,0,4,0,-1,0
0,11993088,1,17086000383401641255,10007,0,0,4,0,-1,1,11993092
0,11993089,1,17086000383401641255,10003,5,17623573846819452485,0,2,11993088,1,11993093
0,11993090,1,17086000383401641255,10002,2,4941800699662217180,0,1,11993088,1,11993093
0,11993091,1,17086000383401641255,10001,6,17934555311738208515,1,0,11993088,1,11993093
0,11993092,1,17086000383401641255,10009,1,18446744073709551614,6,0,-1,3,11993089,11993090,11993091
0,11993093,1,17086000383401641255,10008,0,0,4,0,-1,0
0,12058624,1,17086000383401641255,10007,0,0,4,0,-1,1,12058628
0,12058625,1,17086000383401641255,10003,5,17623573846819452485,0,2,12058624,1,12058629
0,12058626,1,17086000383401641255,10002,2,4941800699662217180,0,1,12058624,1,12058629
0,12058627,1,17086000383401641255,10001,6,17934555311738208515,1,0,12058624,1,12058629
0,12058628,1,17086000383401641255,10009,1,18446744073709551614,6,0,-1,3,12058625,12058626,12058627
0,12058629,1,17086000383401641255,10008,0,0,4,0,-1,0
0,12124160,1,17086000383401641255,10007,0,0,4,0,-1,1,12124164
0,12124161,1,17086000383401641255,10003,5,17623573846819452485,0,2,12124160,1,12124165
0,12124162,1,17086000383401641255,10002,2,4941800699662217180,0,1,12124160,1,12124165
0,12124163,1,17086000383401641255,10001,6,17934555311738208515,1,0,12124160,1,12124165
0,12124164,1,17086000383401641255,10009,1,18446744073709551614,6,0,-1,3,12124161,12124162,12124163
0,12124165,1,17086000383401641255,10008,0,0,4,0,-1,0
0,12189696,1,17086000383401641255,10007,0,0,4,0,-1,1,12189700
0,12189697,1,17086000383401641255,10003,5,17623573846819452485,0,2,12189696,1,12189701
0,12189698,1,17086000383401641255,10002,2,4941800699662217180,0,1,12189696,1,12189701
0,12189699,1,17086000383401641255,10001,6,17934555311738208515,1,0,12189696,1,12189701
0,12189700,1,17086000383401641255,10009,1,18446744073709551614,6,0,-1,3,12189697,12189698,12189699
0,12189701,1,17086000383401641255,10008,0,0,4,0,-1,0
0,12255232,1,17086000383401641255,10007,0,0,4,0,-1,1,12255236
0,12255233,1,17086000383401641255,10003,5,17623573846819452485,0,2,12255232,1,12255237
0,12255234,1,17086000383401641255,10002,2,4941800699662217180,0,1,12255232,1,12255237
0,12255235,1,17086000383401641255,10001,6,17934555311738208515,1,0,12255232,1,12255237
0,12255236,1,17086000383401641255,10009,1,18446744073709551614,6,0,-1,3,12255233,12255234,12255235
0,12255237,1,17086000383401641255,10008,0,0,4,0,-1,0
0,12320768,1,17086000383401641255,10007,0,0,4,0,-1,1,12320772
0,12320769,1,17086000383401641255,10003,5,17623573846819452485,0,2,12320768,1,12320773
0,12320770,1,17086000383401641255,10002,2,4941800699662217180,0,1,12320768,1,12320773
0,12320771,1,17086000383401641255,10001,6,17934555311738208515,1,0,12320768,1,12320773
0,12320772,1,17086000383401641255,10009,1,18446744073709551614,6,0,-1,3,12320769,12320770,12320771
0,12320773,1,17086000383401641255,10008,0,0,4,0,-1,0
0,12386304,1,17086000383401641255,10007,0,0,4,0,-1,1,12386308
0,12386305,1,17086000383401641255,10003,5,17623573846819452485,0,2,12386304,1,12386309
0,12386306,1,17086000383401641255,10002,2,4941800699662217180,0,1,12386304,1,12386309
0,12386307,1,17086000383401641255,10001,6,17934555311738208515,1,0,12386304,1,12386309
0,12386308,1,17086000383401641255,10009,1,18446744073709551614,6,0,-1,3,12386305,12386306,12386307
0,12386309,1,17086000383401641255,10008,0,0,4,0,-1,0
0,12451840,1,17086000383401641255,10007,0,0,4,0,-1,1,12451844
0,12451841,1,17086000383401641255,10003,5,17623573846819452485,0,2,12451840,1,12451845
0,12451842,1,17086000383401641255,10002,2,4941800699662217180,0,1,12451840,1,12451845
0,12451843,1,17086000383401641255,10001,6,17934555311738208515,1,0,12451840,1,12451845
0,12451844,1,17086000383401641255,10009,1,18446744073709551614,6,0,-1,3,12451841,12451842,12451843
0,12451845,1,17086000383401641255,10008,0,0,4,0,-1,0
0,12517376,1,17086000383401641255,10007,0,0,4,0,-1,1,12517380
0,12517377,1,17086000383401641255,10003,5,17623573846819452485,0,2,12517376,1,12517381
0,12517378,1,17086000383401641255,10002,2,4941800699662217180,0,1,12517376,1,12517381
0,12517379,1,17086000383401641255,10001,6,17934555311738208515,1,0,12517376,1,12517381
0,12517380,1,17086000383401641255,10009,1,18446744073709551614,6,0,-1,3,12517377,12517378,12517379
0,12517381,1,17086000383401641255,10008,0,0,4,0,-1,0
0,12582912,1,17086000383401641255,10007,0,0,4,0,-1,1,12582916
0,12582913,1,17086000383401641255,10003,5,17623573846819452485,0,2,12582912,1,12582917
0,12582914,1,17086000383401641255,10002,2,4941800699662217180,0,1,12582912,1,12582917
0,12582915,1,17086000383401641255,10001,6,17934555311738208515,1,0,12582912,1,12582917
0,12582916,1,17086000383401641255,10009,1,18446744073709551614,6,0,-1,3,12582913,12582914,12582915
0,12582917,1,17086000383401641255,10008,0,0,4,0,-1,0
0,12648448,1,17086000383401641255,10007,0,0,4,0,-1,1,12648452
0,12648449,1,17086000383401641255,10003,5,17623573846819452485,0,2,12648448,1,12648453
0,12648450,1,17086000383401641255,10002,2,4941800699662217180,0,1,12648448,1,12648453
0,12648451,1,17086000383401641255,10001,6,17934555311738208515,1,0,12648448,1,12648453
0,12648452,1,17086000383401641255,10009,1,18446744073709551614,6,0,-1,3,12648449,12648450,12648451
0,12648453,1,17086000383401641255,10008,0,0,4,0,-1,0
0,12713984,1,17086000383401641255,10007,0,0,4,0,-1,1,12713988
0,12713985,1,17086000383401641255,10003,5,17623573846819452485,0,2,12713984,1,12713989
0,12713986,1,17086000383401641255,10002,2,4941800699662217180,0,1,12713984,1,12713989
0,12713987,1,17086000383401641255,10001,6,17934555311738208515,1,0,12713984,1,12713989
0,12713988,1,17086000383401641255,10009,1,18446744073709551614,6,0,-1,3,12713985,12713986,12713987
0,12713989,1,17086000383401641255,10008,0,0,4,0,-1,0
0,12779520,1,17086000383401641255,10007,0,0,4,0,-1,1,12779524
0,12779521,1,17086000383401641255,10003,5,17623573846819452485,0,2,12779520,1,12779525
0,12779522,1,17086000383401641255,10002,2,4941800699662217180,0,1,12779520,1,12779525
0,12779523,1,17086000383401641255,10001,6,17934555311738208515,1,0,12779520,1,12779525
0,12779524,1,17086000383401641255,10009,1,18446744073709551614,6,0,-1,3,12779521,12779522,12779523
0,12779525,1,17086000383401641255,10008,0,0,4,0,-1,0
0,12845056,1,17086000383401641255,10007,0,0,4,0,-1,1,12845060
0,12845057,1,17086000383401641255,10003,5,17623573846819452485,0,2,12845056,1,12845061
0,12845058,1,17086000383401641255,10002,2,4941800699662217180,0,1,12845056,1,12845061
0,12845059,1,17086000383401641255,10001,6,17934555311738208515,1,0,12845056,1,12845061
0,12845060,1,17086000383401641255,10009,1,18446744073709551614,6,0,-1,3,12845057,12845058,12845059
0,12845061,1,17086000383401641255,10008,0,0,4,0,-1,0
0,12910592,1,17086000383401641255,10007,0,0,4,0,-1,1,12910596
0,12910593,1,17086000383401641255,10003,5,17623573846819452485,0,2,12910592,1,12910597
0,12910594,1,17086000383401641255,10002,2,4941800699662217180,0,1,12910592,1,12910597
0,12910595,1,17086000383401641255,10001,6,17934555311738208515,1,0,12910592,1,12910597
0,12910596,1,17086000383401641255,10009,1,18446744073709551614,6,0,-1,3,12910593,12910594,12910595
0,12910597,1,17086000383401641255,10008,0,0,4,0,-1,0
0,12976128,1,17086000383401641255,10007,0,0,4,0,-1,1,12976132
0,12976129,1,17086000383401641255,10003,5,17623573846819452485,0,2,12976128,1,12976133
0,12976130,1,17086000383401641255,10002,2,4941800699662217180,0,1,12976128,1,12976133
0,12976131,1,17086000383401641255,10001,6,17934555311738208515,1,0,12976128,1,12976133
0,12976132,1,17086000383401641255,10009,1,18446744073709551614,6,0,-1,3,12976129,12976130,12976131
0,12976133,1,17086000383401641255,10008,0,0,4,0,-1,0
0,13041664,1,17086000383401641255,10007,0,0,4,0,-1,1,13041668
0,13041665,1,17086000383401641255,10003,5,17623573846819452485,0,2,13041664,1,13041669
0,13041666,1,17086000383401641255,10002,2,4941800699662217180,0,1,13041664,1,13041669
0,13041667,1,17086000383401641255,10001,6,17934555311738208515,1,0,13041664,1,13041669
0,13041668,1,17086000383401641255,10009,1,18446744073709551614,6,0,-1,3,13041665,13041666,13041667
0,13041669,1,17086000383401641255,10008,0,0,4,0,-1,0
0,13107200,1,17086000383401641255,10007,0,0,4,0,-1,1,13107204
0,13107201,1,17086000383401641255,10003,5,17623573846819452485,0,2,13107200,1,13107205
0,13107202,1,17086000383401641255,10002,2,4941800699662217180,0,1,13107200,1,13107205
0,13107203,1,17086000383401641255,10001,6,17934555311738208515,1,0,13107200,1,13107205
0,13107204,1,17086000383401641255,10009,1,18446744073709551614,6,0,-1,3,13107201,13107202,13107203
0,13107205,1,17086000383401641255,10008,0,0,4,0,-1,0
0,13172736,1,17086000383401641255,10007,0,0,4,0,-1,1,13172740
0,13172737,1,17086000383401641255,10003,5,17623573846819452485,0,2,13172736,1,13172741
0,13172738,1,17086000383401641255,10002,2,4941800699662217180,0,1,13172736,1,13172741
0,13172739,1,17086000383401641255,10001,6,17934555311738208515,1,0,13172736,1,13172741
0,13172740,1,17086000383401641255,10009,1,18446744073709551614,6,0,-1,3,13172737,13172738,13172739
0,13172741,1,17086000383401641255,10008,0,0,4,0,-1,0
0,13238272,1,17086000383401641255,10007,0,0,4,0,-1,1,13238276
0,13238273,1,17086000383401641255,10003,5,17623573846819452485,0,2,13238272,1,13238277
0,13238274,1,17086000383401641255,10002,2,4941800699662217180,0,1,13238272,1,13238277
0,13238275,1,17086000383401641255,10001,6,17934555311738208515,1,0,13238272,1,13238277
0,13238276,1,17086000383401641255,10009,1,18446744073709551614,6,0,-1,3,13238273,13238274,13238275
0,13238277,1,17086000383401641255,10008,0,0,4,0,-1,0
0,13303808,1,17086000383401641255,10007,0,0,4,0,-1,1,13303812
0,13303809,1,17086000383401641255,10003,5,17623573846819452485,0,2,13303808,1,13303813
0,13303810,1,17086000383401641255,10002,2,4941800699662217180,0,1,13303808,1,13303813
0,13303811,1,17086000383401641255,10001,6,17934555311738208515,1,0,13303808,1,13303813
0,13303812,1,17086000383401641255,10009,1,18446744073709551614,6,0,-1,3,13303809,13303810,13303811
0,13303813,1,17086000383401641255,10008,0,0,4,0,-1,0
0,13369344,1,17086000383401641255,10007,0,0,4,0,-1,1,13369348
0,13369345,1,17086000383401641255,10003,5,17623573846819452485,0,2,13369344,1,13369349
0,13369346,1,17086000383401641255,10002,2,4941800699662217180,0,1,13369344,1,13369349
0,13369347,1,17086000383401641255,10001,6,17934555311738208515,1,0,13369344,1,13369349
0,13369348,1,17086000383401641255,10009,1,18446744073709551614,6,0,-1,3,13369345,13369346,13369347
0,13369349,1,17086000383401641255,10008,0,0,4,0,-1,0
0,13434880,1,17086000383401641255,10007,0,0,4,0,-1,1,13434884
0,13434881,1,17086000383401641255,10003,5,17623573846819452485,0,2,13434880,1,13434885
0,13434882,1,17086000383401641255,10002,2,4941800699662217180,0,1,13434880,1,13434885
0,13434883,1,17086000383401641255,10001,6,17934555311738208515,1,0,13434880,1,13434885
0,13434884,1,17086000383401641255,10009,1,18446744073709551614,6,0,-1,3,13434881,13434882,13434883
0,13434885,1,17086000383401641255,10008,0,0,4,0,-1,0
0,13500416,1,17086000383401641255,10007,0,0,4,0,-1,1,13500420
0,13500417,1,17086000383401641255,10003,5,17623573846819452485,0,2,13500416,1,13500421
0,13500418,1,17086000383401641255,10002,2,4941800699662217180,0,1,13500416,1,13500421
0,13500419,1,17086000383401641255,10001,6,17934555311738208515,1,0,13500416,1,13500421
0,13500420,1,17086000383401641255,10009,1,18446744073709551614,6,0,-1,3,13500417,13500418,13500419
0,13500421,1,17086000383401641255,10008,0,0,4,0,-1,0
0,13565952,1,17086000383401641255,10007,0,0,4,0,-1,1,13565956
0,13565953,1,17086000383401641255,10003,5,17623573846819452485,0,2,13565952,1,13565957
0,13565954,1,17086000383401641255,10002,2,4941800699662217180,0,1,13565952,1,13565957
0,13565955,1,17086000383401641255,10001,6,17934555311738208515,1,0,13565952,1,13565957
0,13565956,1,17086000383401641255,10009,1,18446744073709551614,6,0,-1,3,13565953,13565954,13565955
0,13565957,1,17086000383401641255,10008,0,0,4,0,-1,0
0,13631488,1,17086000383401641255,10007,0,0,4,0,-1,1,13631492
0,13631489,1,17086000383401641255,10003,5,17623573846819452485,0,2,13631488,1,13631493
0,13631490,1,17086000383401641255,10002,2,4941800699662217180,0,1,13631488,1,13631493
0,13631491,1,17086000383401641255,10001,6,17934555311738208515,1,0,13631488,1,13631493
0,13631492,1,17086000383401641255,10009,1,18446744073709551614,6,0,-1,3,13631489,13631490,13631491
0,13631493,1,17086000383401641255,10008,0,0,4,0,-1,0
0,13697024,1,17086000383401641255,10007,0,0,4,0,-1,1,13697028
0,13697025,1,17086000383401641255,10003,5,17623573846819452485,0,2,13697024,1,13697029
0,13697026,1,17086000383401641255,10002,2,4941800699662217180,0,1,13697024,1,13697029
0,13697027,1,17086000383401641255,10001,6,17934555311738208515,1,0,13697024,1,13697029
0,13697028,1,17086000383401641255,10009,1,18446744073709551614,6,0,-1,3,13697025,13697026,13697027
0,13697029,1,17086000383401641255,10008,0,0,4,0,-1,0
0,13762560,1,17086000383401641255,10007,0,0,4,0,-1,1,13762564
0,13762561,1,17086000383401641255,10003,5,17623573846819452485,0,2,13762560,1,13762565
0,13762562,1,17086000383401641255,10002,2,4941800699662217180,0,1,13762560,1,13762565
0,13762563,1,17086000383401641255,10001,6,17934555311738208515,1,0,13762560,1,13762565
0,13762564,1,17086000383401641255,10009,1,18446744073709551614,6,0,-1,3,13762561,13762562,13762563
0,13762565,1,17086000383401641255,10008,0,0,4,0,-1,0
0,13828096,1,17086000383401641255,10007,0,0,4,0,-1,1,13828100
0,13828097,1,17086000383401641255,10003,5,17623573846819452485,0,2,13828096,1,13828101
0,13828098,1,17086000383401641255,10002,2,4941800699662217180,0,1,13828096,1,13828101
0,13828099,1,17086000383401641255,10001,6,17934555311738208515,1,0,13828096,1,13828101
0,13828100,1,17086000383401641255,10009,1,18446744073709551614,6,0,-1,3,13828097,13828098,13828099
0,13828101,1,17086000383401641255,10008,0,0,4,0,-1,0
0,13893632,1,17086000383401641255,10007,0,0,4,0,-1,1,13893636
0,13893633,1,17086000383401641255,10003,5,17623573846819452485,0,2,13893632,1,13893637
0,13893634,1,17086000383401641255,10002,2,4941800699662217180,0,1,13893632,1,13893637
0,13893635,1,17086000383401641255,10001,6,17934555311738208515,1,0,13893632,1,13893637
0,13893636,1,17086000383401641255,10009,1,18446744073709551614,6,0,-1,3,13893633,13893634,13893635
0,13893637,1,17086000383401641255,10008,0,0,4,0,-1,0
0,13959168,1,17086000383401641255,10007,0,0,4,0,-1,1,13959172
0,13959169,1,17086000383401641255,10003,5,17623573846819452485,0,2,13959168,1,13959173
0,13959170,1,17086000383401641255,10002,2,4941800699662217180,0,1,13959168,1,13959173
0,13959171,1,17086000383401641255,10001,6,17934555311738208515,1,0,13959168,1,13959173
0,13959172,1,17086000383401641255,10009,1,18446744073709551614,6,0,-1,3,13959169,13959170,13959171
0,13959173,1,17086000383401641255,10008,0,0,4,0,-1,0
0,14024704,1,17086000383401641255,10007,0,0,4,0,-1,1,14024708
0,14024705,1,17086000383401641255,10003,5,17623573846819452485,0,2,14024704,1,14024709
0,14024706,1,17086000383401641255,10002,2,4941800699662217180,0,1,14024704,1,14024709
0,14024707,1,17086000383401641255,10001,6,17934555311738208515,1,0,14024704,1,14024709
0,14024708,1,17086000383401641255,10009,1,18446744073709551614,6,0,-1,3,14024705,14024706,14024707
0,14024709,1,17086000383401641255,10008,0,0,4,0,-1,0
0,14090240,1,17086000383401641255,10007,0,0,4,0,-1,1,14090244
0,14090241,1,17086000383401641255,10003,5,17623573846819452485,0,2,14090240,1,14090245
0,14090242,1,17086000383401641255,10002,2,4941800699662217180,0,1,14090240,1,14090245
0,14090243,1,17086000383401641255,10001,6,17934555311738208515,1,0,14090240,1,14090245
0,14090244,1,17086000383401641255,10009,1,18446744073709551614,6,0,-1,3,14090241,14090242,14090243
0,14090245,1,17086000383401641255,10008,0,0,4,0,-1,0
0,14155776,1,17086000383401641255,10007,0,0,4,0,-1,1,14155780
0,14155777,1,17086000383401641255,10003,5,17623573846819452485,0,2,14155776,1,14155781
0,14155778,1,17086000383401641255,10002,2,4941800699662217180,0,1,14155776,1,14155781
0,14155779,1,17086000383401641255,10001,6,17934555311738208515,1,0,14155776,1,14155781
0,14155780,1,17086000383401641255,10009,1,18446744073709551614,6,0,-1,3,14155777,14155778,14155779
0,14155781,1,17086000383401641255,10008,0,0,4,0,-1,0
0,14221312,1,17086000383401641255,10007,0,0,4,0,-1,1,14221316
0,14221313,1,17086000383401641255,10003,5,17623573846819452485,0,2,14221312,1,14221317
0,14221314,1,17086000383401641255,10002,2,4941800699662217180,0,1,14221312,1,14221317
0,14221315,1,17086000383401641255,10001,6,17934555311738208515,1,0,14221312,1,14221317
0,14221316,1,17086000383401641255,10009,1,18446744073709551614,6,0,-1,3,14221313,14221314,14221315
0,14221317,1,17086000383401641255,10008,0,0,4,0,-1,0
0,14286848,1,17086000383401641255,10007,0,0,4,0,-1,1,14286852
0,14286849,1,17086000383401641255,10003,5,17623573846819452485,0,2,14286848,1,14286853
0,14286850,1,17086000383401641255,10002,2,4941800699662217180,0,1,14286848,1,14286853
0,14286851,1,17086000383401641255,10001,6,17934555311738208515,1,0,14286848,1,14286853
0,14286852,1,17086000383401641255,10009,1,18446744073709551614,6,0,-1,3,14286849,14286850,14286851
0,14286853,1,17086000383401641255,10008,0,0,4,0,-1,0
0,14352384,1,17086000383401641255,10007,0,0,4,0,-1,1,14352388
0,14352385,1,17086000383401641255,10003,5,17623573846819452485,0,2,14352384,1,14352389
0,14352386,1,17086000383401641255,10002,2,4941800699662217180,0,1,14352384,1,14352389
0,14352387,1,17086000383401641255,10001,6,17934555311738208515,1,0,14352384,1,14352389
0,14352388,1,17086000383401641255,10009,1,18446744073709551614,6,0,-1,3,14352385,14352386,14352387
0,14352389,1,17086000383401641255,10008,0,0,4,0,-1,0
0,14417920,1,17086000383401641255,10007,0,0,4,0,-1,1,14417924
0,14417921,1,17086000383401641255,10003,5,17623573846819452485,0,2,14417920,1,14417925
0,14417922,1,17086000383401641255,10002,2,4941800699662217180,0,1,14417920,1,14417925
0,14417923,1,17086000383401641255,10001,6,17934555311738208515,1,0,14417920,1,14417925
0,14417924,1,17086000383401641255,10009,1,18446744073709551614,6,0,-1,3,14417921,14417922,14417923
0,14417925,1,17086000383401641255,10008,0,0,4,0,-1,0
0,14483456,1,17086000383401641255,10007,0,0,4,0,-1,1,14483460
0,14483457,1,17086000383401641255,10003,5,17623573846819452485,0,2,14483456,1,14483461
0,14483458,1,17086000383401641255,10002,2,4941800699662217180,0,1,14483456,1,14483461
0,14483459,1,17086000383401641255,10001,6,17934555311738208515,1,0,14483456,1,14483461
0,14483460,1,17086000383401641255,10009,1,18446744073709551614,6,0,-1,3,14483457,14483458,14483459
0,14483461,1,17086000383401641255,10008,0,0,4,0,-1,0
0,14548992,1,17086000383401641255,10007,0,0,4,0,-1,1,14548996
0,14548993,1,17086000383401641255,10003,5,17623573846819452485,0,2,14548992,1,14548997
0,14548994,1,17086000383401641255,10002,2,4941800699662217180,0,1,14548992,1,14548997
0,14548995,1,17086000383401641255,10001,6,17934555311738208515,1,0,14548992,1,14548997
0,14548996,1,17086000383401641255,10009,1,18446744073709551614,6,0,-1,3,14548993,14548994,14548995
0,14548997,1,17086000383401641255,10008,0,0,4,0,-1,0
0,14614528,1,17086000383401641255,10007,0,0,4,0,-1,1,14614532
0,14614529,1,17086000383401641255,10003,5,17623573846819452485,0,2,14614528,1,14614533
0,14614530,1,17086000383401641255,10002,2,4941800699662217180,0,1,14614528,1,14614533
0,14614531,1,17086000383401641255,10001,6,17934555311738208515,1,0,14614528,1,14614533
0,14614532,1,17086000383401641255,10009,1,18446744073709551614,6,0,-1,3,14614529,14614530,14614531
0,14614533,1,17086000383401641255,10008,0,0,4,0,-1,0
0,14680064,1,17086000383401641255,10007,0,0,4,0,-1,1,14680068
0,14680065,1,17086000383401641255,10003,5,17623573846819452485,0,2,14680064,1,14680069
0,14680066,1,17086000383401641255,10002,2,4941800699662217180,0,1,14680064,1,14680069
0,14680067,1,17086000383401641255,10001,6,17934555311738208515,1,0,14680064,1,14680069
0,14680068,1,17086000383401641255,10009,1,18446744073709551614,6,0,-1,3,14680065,14680066,14680067
0,14680069,1,17086000383401641255,10008,0,0,4,0,-1,0
0,14745600,1,17086000383401641255,10007,0,0,4,0,-1,1,14745604
0,14745601,1,17086000383401641255,10003,5,17623573846819452485,0,2,14745600,1,14745605
0,14745602,1,17086000383401641255,10002,2,4941800699662217180,0,1,14745600,1,14745605
0,14745603,1,17086000383401641255,10001,6,17934555311738208515,1,0,14745600,1,14745605
0,14745604,1,17086000383401641255,10009,1,18446744073709551614,6,0,-1,3,14745601,14745602,14745603
0,14745605,1,17086000383401641255,10008,0,0,4,0,-1,0
0,14811136,1,17086000383401641255,10007,0,0,4,0,-1,1,14811140
0,14811137,1,17086000383401641255,10003,5,17623573846819452485,0,2,14811136,1,14811141
0,14811138,1,17086000383401641255,10002,2,4941800699662217180,0,1,14811136,1,14811141
0,14811139,1,17086000383401641255,10001,6,17934555311738208515,1,0,14811136,1,14811141
0,14811140,1,17086000383401641255,10009,1,18446744073709551614,6,0,-1,3,14811137,14811138,14811139
0,14811141,1,17086000383401641255,10008,0,0,4,0,-1,0
0,14876672,1,17086000383401641255,10007,0,0,4,0,-1,1,14876676
0,14876673,1,17086000383401641255,10003,5,17623573846819452485,0,2,14876672,1,14876677
0,14876674,1,17086000383401641255,10002,2,4941800699662217180,0,1,14876672,1,14876677
0,14876675,1,17086000383401641255,10001,6,17934555311738208515,1,0,14876672,1,14876677
0,14876676,1,17086000383401641255,10009,1,18446744073709551614,6,0,-1,3,14876673,14876674,14876675
0,14876677,1,17086000383401641255,10008,0,0,4,0,-1,0
0,14942208,1,17086000383401641255,10007,0,0,4,0,-1,1,14942212
0,14942209,1,17086000383401641255,10003,5,17623573846819452485,0,2,14942208,1,14942213
0,14942210,1,17086000383401641255,10002,2,4941800699662217180,0,1,14942208,1,14942213
0,14942211,1,17086000383401641255,10001,6,17934555311738208515,1,0,14942208,1,14942213
0,14942212,1,17086000383401641255,10009,1,18446744073709551614,6,0,-1,3,14942209,14942210,14942211
0,14942213,1,17086000383401641255,10008,0,0,4,0,-1,0
0,15007744,1,17086000383401641255,10007,0,0,4,0,-1,1,15007748
0,15007745,1,17086000383401641255,10003,5,17623573846819452485,0,2,15007744,1,15007749
0,15007746,1,17086000383401641255,10002,2,4941800699662217180,0,1,15007744,1,15007749
0,15007747,1,17086000383401641255,10001,6,17934555311738208515,1,0,15007744,1,15007749
0,15007748,1,17086000383401641255,10009,1,18446744073709551614,6,0,-1,3,15007745,15007746,15007747
0,15007749,1,17086000383401641255,10008,0,0,4,0,-1,0
0,15073280,1,17086000383401641255,10007,0,0,4,0,-1,1,15073284
0,15073281,1,17086000383401641255,10003,5,17623573846819452485,0,2,15073280,1,15073285
0,15073282,1,17086000383401641255,10002,2,4941800699662217180,0,1,15073280,1,15073285
0,15073283,1,17086000383401641255,10001,6,17934555311738208515,1,0,15073280,1,15073285
0,15073284,1,17086000383401641255,10009,1,18446744073709551614,6,0,-1,3,15073281,15073282,15073283
0,15073285,1,17086000383401641255,10008,0,0,4,0,-1,0
0,15138816,1,17086000383401641255,10007,0,0,4,0,-1,1,15138820
0,15138817,1,17086000383401641255,10003,5,17623573846819452485,0,2,15138816,1,15138821
0,15138818,1,17086000383401641255,10002,2,4941800699662217180,0,1,15138816,1,15138821
0,15138819,1,17086000383401641255,10001,6,17934555311738208515,1,0,15138816,1,15138821
0,15138820,1,17086000383401641255,10009,1,18446744073709551614,6,0,-1,3,15138817,15138818,15138819
0,15138821,1,17086000383401641255,10008,0,0,4,0,-1,0
0,15204352,1,17086000383401641255,10007,0,0,4,0,-1,1,15204356
0,15204353,1,17086000383401641255,10003,5,17623573846819452485,0,2,15204352,1,15204357
0,15204354,1,17086000383401641255,10002,2,4941800699662217180,0,1,15204352,1,15204357
0,15204355,1,17086000383401641255,10001,6,17934555311738208515,1,0,15204352,1,15204357
0,15204356,1,17086000383401641255,10009,1,18446744073709551614,6,0,-1,3,15204353,15204354,15204355
0,15204357,1,17086000383401641255,10008,0,0,4,0,-1,0
0,15269888,1,17086000383401641255,10007,0,0,4,0,-1,1,15269892
0,15269889,1,17086000383401641255,10003,5,17623573846819452485,0,2,15269888,1,15269893
0,15269890,1,17086000383401641255,10002,2,4941800699662217180,0,1,15269888,1,15269893
0,15269891,1,17086000383401641255,10001,6,17934555311738208515,1,0,15269888,1,15269893
0,15269892,1,17086000383401641255,10009,1,18446744073709551614,6,0,-1,3,15269889,15269890,15269891
0,15269893,1,17086000383401641255,10008,0,0,4,0,-1,0
0,15335424,1,17086000383401641255,10007,0,0,4,0,-1,1,15335428
0,15335425,1,17086000383401641255,10003,5,17623573846819452485,0,2,15335424,1,15335429
0,15335426,1,17086000383401641255,10002,2,4941800699662217180,0,1,15335424,1,15335429
0,15335427,1,17086000383401641255,10001,6,17934555311738208515,1,0,15335424,1,15335429
0,15335428,1,17086000383401641255,10009,1,18446744073709551614,6,0,-1,3,15335425,15335426,15335427
0,15335429,1,17086000383401641255,10008,0,0,4,0,-1,0
0,15400960,1,17086000383401641255,10007,0,0,4,0,-1,1,15400964
0,15400961,1,17086000383401641255,10003,5,17623573846819452485,0,2,15400960,1,15400965
0,15400962,1,17086000383401641255,10002,2,4941800699662217180,0,1,15400960,1,15400965
0,15400963,1,17086000383401641255,10001,6,17934555311738208515,1,0,15400960,1,15400965
0,15400964,1,17086000383401641255,10009,1,18446744073709551614,6,0,-1,3,15400961,15400962,15400963
0,15400965,1,17086000383401641255,10008,0,0,4,0,-1,0
0,15466496,1,17086000383401641255,10007,0,0,4,0,-1,1,15466500
0,15466497,1,17086000383401641255,10003,5,17623573846819452485,0,2,15466496,1,15466501
0,15466498,1,17086000383401641255,10002,2,4941800699662217180,0,1,15466496,1,15466501
0,15466499,1,17086000383401641255,10001,6,17934555311738208515,1,0,15466496,1,15466501
0,15466500,1,17086000383401641255,10009,1,18446744073709551614,6,0,-1,3,15466497,15466498,15466499
0,15466501,1,17086000383401641255,10008,0,0,4,0,-1,0
0,15532032,1,17086000383401641255,10007,0,0,4,0,-1,1,15532036
0,15532033,1,17086000383401641255,10003,5,17623573846819452485,0,2,15532032,1,15532037
0,15532034,1,17086000383401641255,10002,2,4941800699662217180,0,1,15532032,1,15532037
0,15532035,1,17086000383401641255,10001,6,17934555311738208515,1,0,15532032,1,15532037
0,15532036,1,17086000383401641255,10009,1,18446744073709551614,6,0,-1,3,15532033,15532034,15532035
0,15532037,1,17086000383401641255,10008,0,0,4,0,-1,0
0,15597568,1,17086000383401641255,10007,0,0,4,0,-1,1,15597572
0,15597569,1,17086000383401641255,10003,5,17623573846819452485,0,2,15597568,1,15597573
0,15597570,1,17086000383401641255,10002,2,4941800699662217180,0,1,15597568,1,15597573
0,15597571,1,17086000383401641255,10001,6,17934555311738208515,1,0,15597568,1,15597573
0,15597572,1,17086000383401641255,10009,1,18446744073709551614,6,0,-1,3,15597569,15597570,15597571
0,15597573,1,17086000383401641255,10008,0,0,4,0,-1,0
0,15663104,1,17086000383401641255,10007,0,0,4,0,-1,1,15663108
0,15663105,1,17086000383401641255,10003,5,17623573846819452485,0,2,15663104,1,15663109
0,15663106,1,17086000383401641255,10002,2,4941800699662217180,0,1,15663104,1,15663109
0,15663107,1,17086000383401641255,10001,6,17934555311738208515,1,0,15663104,1,15663109
0,15663108,1,17086000383401641255,10009,1,18446744073709551614,6,0,-1,3,15663105,15663106,15663107
0,15663109,1,17086000383401641255,10008,0,0,4,0,-1,0
0,15728640,1,17086000383401641255,10007,0,0,4,0,-1,1,15728644
0,15728641,1,17086000383401641255,10003,5,17623573846819452485,0,2,15728640,1,15728645
0,15728642,1,17086000383401641255,10002,2,4941800699662217180,0,1,15728640,1,15728645
0,15728643,1,17086000383401641255,10001,6,17934555311738208515,1,0,15728640,1,15728645
0,15728644,1,17086000383401641255,10009,1,18446744073709551614,6,0,-1,3,15728641,15728642,15728643
0,15728645,1,17086000383401641255,10008,0,0,4,0,-1,0
0,15794176,1,17086000383401641255,10007,0,0,4,0,-1,1,15794180
0,15794177,1,17086000383401641255,10003,5,17623573846819452485,0,2,15794176,1,15794181
0,15794178,1,17086000383401641255,10002,2,4941800699662217180,0,1,15794176,1,15794181
0,15794179,1,17086000383401641255,10001,6,17934555311738208515,1,0,15794176,1,15794181
0,15794180,1,17086000383401641255,10009,1,18446744073709551614,6,0,-1,3,15794177,15794178,15794179
0,15794181,1,17086000383401641255,10008,0,0,4,0,-1,0
0,15859712,1,17086000383401641255,10007,0,0,4,0,-1,1,15859716
0,15859713,1,17086000383401641255,10003,5,17623573846819452485,0,2,15859712,1,15859717
0,15859714,1,17086000383401641255,10002,2,4941800699662217180,0,1,15859712,1,15859717
0,15859715,1,17086000383401641255,10001,6,17934555311738208515,1,0,15859712,1,15859717
0,15859716,1,17086000383401641255,10009,1,18446744073709551614,6,0,-1,3,15859713,15859714,15859715
0,15859717,1,17086000383401641255,10008,0,0,4,0,-1,0
0,15925248,1,17086000383401641255,10007,0,0,4,0,-1,1,15925252
0,15925249,1,17086000383401641255,10003,5,17623573846819452485,0,2,15925248,1,15925253
0,15925250,1,17086000383401641255,10002,2,4941800699662217180,0,1,15925248,1,15925253
0,15925251,1,17086000383401641255,10001,6,17934555311738208515,1,0,15925248,1,15925253
0,15925252,1,17086000383401641255,10009,1,18446744073709551614,6,0,-1,3,15925249,15925250,15925251
0,15925253,1,17086000383401641255,10008,0,0,4,0,-1,0
0,15990784,1,17086000383401641255,10007,0,0,4,0,-1,1,15990788
0,15990785,1,17086000383401641255,10003,5,17623573846819452485,0,2,15990784,1,15990789
0,15990786,1,17086000383401641255,10002,2,4941800699662217180,0,1,15990784,1,15990789
0,15990787,1,17086000383401641255,10001,6,17934555311738208515,1,0,15990784,1,15990789
0,15990788,1,17086000383401641255,10009,1,18446744073709551614,6,0,-1,3,15990785,15990786,15990787
0,15990789,1,17086000383401641255,10008,0,0,4,0,-1,0
0,16056320,1,17086000383401641255,10007,0,0,4,0,-1,1,16056324
0,16056321,1,17086000383401641255,10003,5,17623573846819452485,0,2,16056320,1,16056325
0,16056322,1,17086000383401641255,10002,2,4941800699662217180,0,1,16056320,1,16056325
0,16056323,1,17086000383401641255,10001,6,17934555311738208515,1,0,16056320,1,16056325
0,16056324,1,17086000383401641255,10009,1,18446744073709551614,6,0,-1,3,16056321,16056322,16056323
0,16056325,1,17086000383401641255,10008,0,0,4,0,-1,0
0,16121856,1,17086000383401641255,10007,0,0,4,0,-1,1,16121860
0,16121857,1,17086000383401641255,10003,5,17623573846819452485,0,2,16121856,1,16121861
0,16121858,1,17086000383401641255,10002,2,4941800699662217180,0,1,16121856,1,16121861
0,16121859,1,17086000383401641255,10001,6,17934555311738208515,1,0,16121856,1,16121861
0,16121860,1,17086000383401641255,10009,1,18446744073709551614,6,0,-1,3,16121857,16121858,16121859
0,16121861,1,17086000383401641255,10008,0,0,4,0,-1,0
0,16187392,1,17086000383401641255,10007,0,0,4,0,-1,1,16187396
0,16187393,1,17086000383401641255,10003,5,17623573846819452485,0,2,16187392,1,16187397
0,16187394,1,17086000383401641255,10002,2,4941800699662217180,0,1,16187392,1,16187397
0,16187395,1,17086000383401641255,10001,6,17934555311738208515,1,0,16187392,1,16187397
0,16187396,1,17086000383401641255,10009,1,18446744073709551614,6,0,-1,3,16187393,16187394,16187395
0,16187397,1,17086000383401641255,10008,0,0,4,0,-1,0
0,16252928,1,17086000383401641255,10007,0,0,4,0,-1,1,16252932
0,16252929,1,17086000383401641255,10003,5,17623573846819452485,0,2,16252928,1,16252933
0,16252930,1,17086000383401641255,10002,2,4941800699662217180,0,1,16252928,1,16252933
0,16252931,1,17086000383401641255,10001,6,17934555311738208515,1,0,16252928,1,16252933
0,16252932,1,17086000383401641255,10009,1,18446744073709551614,6,0,-1,3,16252929,16252930,16252931
0,16252933,1,17086000383401641255,10008,0,0,4,0,-1,0
0,16318464,1,17086000383401641255,10007,0,0,4,0,-1,1,16318468
0,16318465,1,17086000383401641255,10003,5,17623573846819452485,0,2,16318464,1,16318469
0,16318466,1,17086000383401641255,10002,2,4941800699662217180,0,1,16318464,1,16318469
0,16318467,1,17086000383401641255,10001,6,17934555311738208515,1,0,16318464,1,16318469
0,16318468,1,17086000383401641255,10009,1,18446744073709551614,6,0,-1,3,16318465,16318466,16318467
0,16318469,1,17086000383401641255,10008,0,0,4,0,-1,0
0,16384000,1,17086000383401641255,10007,0,0,4,0,-1,1,16384004
0,16384001,1,17086000383401641255,10003,5,17623573846819452485,0,2,16384000,1,16384005
0,16384002,1,17086000383401641255,10002,2,4941800699662217180,0,1,16384000,1,16384005
0,16384003,1,17086000383401641255,10001,6,17934555311738208515,1,0,16384000,1,16384005
0,16384004,1,17086000383401641255,10009,1,18446744073709551614,6,0,-1,3,16384001,16384002,16384003
0,16384005,1,17086000383401641255,10008,0,0,4,0,-1,0
0,16449536,1,17086000383401641255,10007,0,0,4,0,-1,1,16449540
0,16449537,1,17086000383401641255,10003,5,17623573846819452485,0,2,16449536,1,16449541
0,16449538,1,17086000383401641255,10002,2,4941800699662217180,0,1,16449536,1,16449541
0,16449539,1,17086000383401641255,10001,6,17934555311738208515,1,0,16449536,1,16449541
0,16449540,1,17086000383401641255,10009,1,18446744073709551614,6,0,-1,3,16449537,16449538,16449539
0,16449541,1,17086000383401641255,10008,0,0,4,0,-1,0
0,16515072,1,17086000383401641255,10007,0,0,4,0,-1,1,16515076
0,16515073,1,17086000383401641255,10003,5,17623573846819452485,0,2,16515072,1,16515077
0,16515074,1,17086000383401641255,10002,2,4941800699662217180,0,1,16515072,1,16515077
0,16515075,1,17086000383401641255,10001,6,17934555311738208515,1,0,16515072,1,16515077
0,16515076,1,17086000383401641255,10009,1,18446744073709551614,6,0,-1,3,16515073,16515074,16515075
0,16515077,1,17086000383401641255,10008,0,0,4,0,-1,0
0,16580608,1,17086000383401641255,10007,0,0,4,0,-1,1,16580612
0,16580609,1,17086000383401641255,10003,5,17623573846819452485,0,2,16580608,1,16580613
0,16580610,1,17086000383401641255,10002,2,4941800699662217180,0,1,16580608,1,16580613
0,16580611,1,17086000383401641255,10001,6,17934555311738208515,1,0,16580608,1,16580613
0,16580612,1,17086000383401641255,10009,1,18446744073709551614,6,0,-1,3,16580609,16580610,16580611
0,16580613,1,17086000383401641255,10008,0,0,4,0,-1,0
0,16646144,1,17086000383401641255,10007,0,0,4,0,-1,1,16646148
0,16646145,1,17086000383401641255,10003,5,17623573846819452485,0,2,16646144,1,16646149
0,16646146,1,17086000383401641255,10002,2,4941800699662217180,0,1,16646144,1,16646149
0,16646147,1,17086000383401641255,10001,6,17934555311738208515,1,0,16646144,1,16646149
0,16646148,1,17086000383401641255,10009,1,18446744073709551614,6,0,-1,3,16646145,16646146,16646147
0,16646149,1,17086000383401641255,10008,0,0,4,0,-1,0
0,16711680,1,17086000383401641255,10007,0,0,4,0,-1,1,16711684
0,16711681,1,17086000383401641255,10003,5,17623573846819452485,0,2,16711680,1,16711685
0,16711682,1,17086000383401641255,10002,2,4941800699662217180,0,1,16711680,1,16711685
0,16711683,1,17086000383401641255,10001,6,17934555311738208515,1,0,16711680,1,16711685
0,16711684,1,17086000383401641255,10009,1,18446744073709551614,6,0,-1,3,16711681,16711682,16711683
0,16711685,1,17086000383401641255,10008,0,0,4,0,-1,0
0,16777216,1,17086000383401641255,10007,0,0,4,0,-1,1,16777220
0,16777217,1,17086000383401641255,10003,5,17623573846819452485,0,2,16777216,1,16777221
0,16777218,1,17086000383401641255,10002,2,4941800699662217180,0,1,16777216,1,16777221
0,16777219,1,17086000383401641255,10001,6,17934555311738208515,1,0,16777216,1,16777221
0,16777220,1,17086000383401641255,10009,1,18446744073709551614,6,0,-1,3,16777217,16777218,16777219
0,16777221,1,17086000383401641255,10008,0,0,4,0,-1,0
0,16842752,1,17086000383401641255,10007,0,0,4,0,-1,1,16842756
0,16842753,1,17086000383401641255,10003,5,17623573846819452485,0,2,16842752,1,16842757
0,16842754,1,17086000383401641255,10002,2,4941800699662217180,0,1,16842752,1,16842757
0,16842755,1,17086000383401641255,10001,6,17934555311738208515,1,0,16842752,1,16842757
0,16842756,1,17086000383401641255,10009,1,18446744073709551614,6,0,-1,3,16842753,16842754,16842755
0,16842757,1,17086000383401641255,10008,0,0,4,0,-1,0
0,16908288,1,17086000383401641255,10007,0,0,4,0,-1,1,16908292
0,16908289,1,17086000383401641255,10003,5,17623573846819452485,0,2,16908288,1,16908293
0,16908290,1,17086000383401641255,10002,2,4941800699662217180,0,1,16908288,1,16908293
0,16908291,1,17086000383401641255,10001,6,17934555311738208515,1,0,16908288,1,16908293
0,16908292,1,17086000383401641255,10009,1,18446744073709551614,6,0,-1,3,16908289,16908290,16908291
0,16908293,1,17086000383401641255,10008,0,0,4,0,-1,0
0,16973824,1,17086000383401641255,10007,0,0,4,0,-1,1,16973828
0,16973825,1,17086000383401641255,10003,5,17623573846819452485,0,2,16973824,1,16973829
0,16973826,1,17086000383401641255,10002,2,4941800699662217180,0,1,16973824,1,16973829
0,16973827,1,17086000383401641255,10001,6,17934555311738208515,1,0,16973824,1,16973829
0,16973828,1,17086000383401641255,10009,1,18446744073709551614,6,0,-1,3,16973825,16973826,16973827
0,16973829,1,17086000383401641255,10008,0,0,4,0,-1,0
0,17039360,1,17086000383401641255,10007,0,0,4,0,-1,1,17039364
0,17039361,1,17086000383401641255,10003,5,17623573846819452485,0,2,17039360,1,17039365
0,17039362,1,17086000383401641255,10002,2,4941800699662217180,0,1,17039360,1,17039365
0,17039363,1,17086000383401641255,10001,6,17934555311738208515,1,0,17039360,1,17039365
0,17039364,1,17086000383401641255,10009,1,18446744073709551614,6,0,-1,3,17039361,17039362,17039363
0,17039365,1,17086000383401641255,10008,0,0,4,0,-1,0
0,17104896,1,17086000383401641255,10007,0,0,4,0,-1,1,17104900
0,17104897,1,17086000383401641255,10003,5,17623573846819452485,0,2,17104896,1,17104901
0,17104898,1,17086000383401641255,10002,2,4941800699662217180,0,1,17104896,1,17104901
0,17104899,1,17086000383401641255,10001,6,17934555311738208515,1,0,17104896,1,17104901
0,17104900,1,17086000383401641255,10009,1,18446744073709551614,6,0,-1,3,17104897,17104898,17104899
0,17104901,1,17086000383401641255,10008,0,0,4,0,-1,0
0,17170432,1,17086000383401641255,10007,0,0,4,0,-1,1,17170436
0,17170433,1,17086000383401641255,10003,5,17623573846819452485,0,2,17170432,1,17170437
0,17170434,1,17086000383401641255,10002,2,4941800699662217180,0,1,17170432,1,17170437
0,17170435,1,17086000383401641255,10001,6,17934555311738208515,1,0,17170432,1,17170437
0,17170436,1,17086000383401641255,10009,1,18446744073709551614,6,0,-1,3,17170433,17170434,17170435
0,17170437,1,17086000383401641255,10008,0,0,4,0,-1,0
0,17235968,1,17086000383401641255,10007,0,0,4,0,-1,1,17235972
0,17235969,1,17086000383401641255,10003,5,17623573846819452485,0,2,17235968,1,17235973
0,17235970,1,17086000383401641255,10002,2,4941800699662217180,0,1,17235968,1,17235973
0,17235971,1,17086000383401641255,10001,6,17934555311738208515,1,0,17235968,1,17235973
0,17235972,1,17086000383401641255,10009,1,18446744073709551614,6,0,-1,3,17235969,17235970,17235971
0,17235973,1,17086000383401641255,10008,0,0,4,0,-1,0
0,17301504,1,17086000383401641255,10007,0,0,4,0,-1,1,17301508
0,17301505,1,17086000383401641255,10003,5,17623573846819452485,0,2,17301504,1,17301509
0,17301506,1,17086000383401641255,10002,2,4941800699662217180,0,1,17301504,1,17301509
0,17301507,1,17086000383401641255,10001,6,17934555311738208515,1,0,17301504,1,17301509
0,17301508,1,17086000383401641255,10009,1,18446744073709551614,6,0,-1,3,17301505,17301506,17301507
0,17301509,1,17086000383401641255,10008,0,0,4,0,-1,0
0,17367040,1,17086000383401641255,10007,0,0,4,0,-1,1,17367044
0,17367041,1,17086000383401641255,10003,5,17623573846819452485,0,2,17367040,1,17367045
0,17367042,1,17086000383401641255,10002,2,4941800699662217180,0,1,17367040,1,17367045
0,17367043,1,17086000383401641255,10001,6,17934555311738208515,1,0,17367040,1,17367045
0,17367044,1,17086000383401641255,10009,1,18446744073709551614,6,0,-1,3,17367041,17367042,17367043
0,17367045,1,17086000383401641255,10008,0,0,4,0,-1,0
0,17432576,1,17086000383401641255,10007,0,0,4,0,-1,1,17432580
0,17432577,1,17086000383401641255,10003,5,17623573846819452485,0,2,17432576,1,17432581
0,17432578,1,17086000383401641255,10002,2,4941800699662217180,0,1,17432576,1,17432581
0,17432579,1,17086000383401641255,10001,6,17934555311738208515,1,0,17432576,1,17432581
0,17432580,1,17086000383401641255,10009,1,18446744073709551614,6,0,-1,3,17432577,17432578,17432579
0,17432581,1,17086000383401641255,10008,0,0,4,0,-1,0
0,17498112,1,17086000383401641255,10007,0,0,4,0,-1,1,17498116
0,17498113,1,17086000383401641255,10003,5,17623573846819452485,0,2,17498112,1,17498117
0,17498114,1,17086000383401641255,10002,2,4941800699662217180,0,1,17498112,1,17498117
0,17498115,1,17086000383401641255,10001,6,17934555311738208515,1,0,17498112,1,17498117
0,17498116,1,17086000383401641255,10009,1,18446744073709551614,6,0,-1,3,17498113,17498114,17498115
0,17498117,1,17086000383401641255,10008,0,0,4,0,-1,0
0,17563648,1,17086000383401641255,10007,0,0,4,0,-1,1,17563652
0,17563649,1,17086000383401641255,10003,5,17623573846819452485,0,2,17563648,1,17563653
0,17563650,1,17086000383401641255,10002,2,4941800699662217180,0,1,17563648,1,17563653
0,17563651,1,17086000383401641255,10001,6,17934555311738208515,1,0,17563648,1,17563653
0,17563652,1,17086000383401641255,10009,1,18446744073709551614,6,0,-1,3,17563649,17563650,17563651
0,17563653,1,17086000383401641255,10008,0,0,4,0,-1,0
0,17629184,1,17086000383401641255,10007,0,0,4,0,-1,1,17629188
0,17629185,1,17086000383401641255,10003,5,17623573846819452485,0,2,17629184,1,17629189
0,17629186,1,17086000383401641255,10002,2,4941800699662217180,0,1,17629184,1,17629189
0,17629187,1,17086000383401641255,10001,6,17934555311738208515,1,0,17629184,1,17629189
0,17629188,1,17086000383401641255,10009,1,18446744073709551614,6,0,-1,3,17629185,17629186,17629187
0,17629189,1,17086000383401641255,10008,0,0,4,0,-1,0
0,17694720,1,17086000383401641255,10007,0,0,4,0,-1,1,17694724
0,17694721,1,17086000383401641255,10003,5,17623573846819452485,0,2,17694720,1,17694725
0,17694722,1,17086000383401641255,10002,2,4941800699662217180,0,1,17694720,1,17694725
0,17694723,1,17086000383401641255,10001,6,17934555311738208515,1,0,17694720,1,17694725
0,17694724,1,17086000383401641255,10009,1,18446744073709551614,6,0,-1,3,17694721,17694722,17694723
0,17694725,1,17086000383401641255,10008,0,0,4,0,-1,0
0,17760256,1,17086000383401641255,10007,0,0,4,0,-1,1,17760260
0,17760257,1,17086000383401641255,10003,5,17623573846819452485,0,2,17760256,1,17760261
0,17760258,1,17086000383401641255,10002,2,4941800699662217180,0,1,17760256,1,17760261
0,17760259,1,17086000383401641255,10001,6,17934555311738208515,1,0,17760256,1,17760261
0,17760260,1,17086000383401641255,10009,1,18446744073709551614,6,0,-1,3,17760257,17760258,17760259
0,17760261,1,17086000383401641255,10008,0,0,4,0,-1,0
0,17825792,1,17086000383401641255,10007,0,0,4,0,-1,1,17825796
0,17825793,1,17086000383401641255,10003,5,17623573846819452485,0,2,17825792,1,17825797
0,17825794,1,17086000383401641255,10002,2,4941800699662217180,0,1,17825792,1,17825797
0,17825795,1,17086000383401641255,10001,6,17934555311738208515,1,0,17825792,1,17825797
0,17825796,1,17086000383401641255,10009,1,18446744073709551614,6,0,-1,3,17825793,17825794,17825795
0,17825797,1,17086000383401641255,10008,0,0,4,0,-1,0
0,17891328,1,17086000383401641255,10007,0,0,4,0,-1,1,17891332
0,17891329,1,17086000383401641255,10003,5,17623573846819452485,0,2,17891328,1,17891333
0,17891330,1,17086000383401641255,10002,2,4941800699662217180,0,1,17891328,1,17891333
0,17891331,1,17086000383401641255,10001,6,17934555311738208515,1,0,17891328,1,17891333
0,17891332,1,17086000383401641255,10009,1,18446744073709551614,6,0,-1,3,17891329,17891330,17891331
0,17891333,1,17086000383401641255,10008,0,0,4,0,-1,0
0,17956864,1,17086000383401641255,10007,0,0,4,0,-1,1,17956868
0,17956865,1,17086000383401641255,10003,5,17623573846819452485,0,2,17956864,1,17956869
0,17956866,1,17086000383401641255,10002,2,4941800699662217180,0,1,17956864,1,17956869
0,17956867,1,17086000383401641255,10001,6,17934555311738208515,1,0,17956864,1,17956869
0,17956868,1,17086000383401641255,10009,1,18446744073709551614,6,0,-1,3,17956865,17956866,17956867
0,17956869,1,17086000383401641255,10008,0,0,4,0,-1,0
0,18022400,1,17086000383401641255,10007,0,0,4,0,-1,1,18022404
0,18022401,1,17086000383401641255,10003,5,17623573846819452485,0,2,18022400,1,18022405
0,18022402,1,17086000383401641255,10002,2,4941800699662217180,0,1,18022400,1,18022405
0,18022403,1,17086000383401641255,10001,6,17934555311738208515,1,0,18022400,1,18022405
0,18022404,1,17086000383401641255,10009,1,18446744073709551614,6,0,-1,3,18022401,18022402,18022403
0,18022405,1,17086000383401641255,10008,0,0,4,0,-1,0
0,18087936,1,17086000383401641255,10007,0,0,4,0,-1,1,18087940
0,18087937,1,17086000383401641255,10003,5,17623573846819452485,0,2,18087936,1,18087941
0,18087938,1,17086000383401641255,10002,2,4941800699662217180,0,1,18087936,1,18087941
0,18087939,1,17086000383401641255,10001,6,17934555311738208515,1,0,18087936,1,18087941
0,18087940,1,17086000383401641255,10009,1,18446744073709551614,6,0,-1,3,18087937,18087938,18087939
0,18087941,1,17086000383401641255,10008,0,0,4,0,-1,0
0,18153472,1,17086000383401641255,10007,0,0,4,0,-1,1,18153476
0,18153473,1,17086000383401641255,10003,5,17623573846819452485,0,2,18153472,1,18153477
0,18153474,1,17086000383401641255,10002,2,4941800699662217180,0,1,18153472,1,18153477
0,18153475,1,17086000383401641255,10001,6,17934555311738208515,1,0,18153472,1,18153477
0,18153476,1,17086000383401641255,10009,1,18446744073709551614,6,0,-1,3,18153473,18153474,18153475
0,18153477,1,17086000383401641255,10008,0,0,4,0,-1,0
0,18219008,1,17086000383401641255,10007,0,0,4,0,-1,1,18219012
0,18219009,1,17086000383401641255,10003,5,17623573846819452485,0,2,18219008,1,18219013
0,18219010,1,17086000383401641255,10002,2,4941800699662217180,0,1,18219008,1,18219013
0,18219011,1,17086000383401641255,10001,6,17934555311738208515,1,0,18219008,1,18219013
0,18219012,1,17086000383401641255,10009,1,18446744073709551614,6,0,-1,3,18219009,18219010,18219011
0,18219013,1,17086000383401641255,10008,0,0,4,0,-1,0
0,18284544,1,17086000383401641255,10007,0,0,4,0,-1,1,18284548
0,18284545,1,17086000383401641255,10003,5,17623573846819452485,0,2,18284544,1,18284549
0,18284546,1,17086000383401641255,10002,2,4941800699662217180,0,1,18284544,1,18284549
0,18284547,1,17086000383401641255,10001,6,17934555311738208515,1,0,18284544,1,18284549
0,18284548,1,17086000383401641255,10009,1,18446744073709551614,6,0,-1,3,18284545,18284546,18284547
0,18284549,1,17086000383401641255,10008,0,0,4,0,-1,0
0,18350080,1,17086000383401641255,10007,0,0,4,0,-1,1,18350084
0,18350081,1,17086000383401641255,10003,5,17623573846819452485,0,2,18350080,1,18350085
0,18350082,1,17086000383401641255,10002,2,4941800699662217180,0,1,18350080,1,18350085
0,18350083,1,17086000383401641255,10001,6,17934555311738208515,1,0,18350080,1,18350085
0,18350084,1,17086000383401641255,10009,1,18446744073709551614,6,0,-1,3,18350081,18350082,18350083
0,18350085,1,17086000383401641255,10008,0,0,4,0,-1,0
0,18415616,1,17086000383401641255,10007,0,0,4,0,-1,1,18415620
0,18415617,1,17086000383401641255,10003,5,17623573846819452485,0,2,18415616,1,18415621
0,18415618,1,17086000383401641255,10002,2,4941800699662217180,0,1,18415616,1,18415621
0,18415619,1,17086000383401641255,10001,6,17934555311738208515,1,0,18415616,1,18415621
0,18415620,1,17086000383401641255,10009,1,18446744073709551614,6,0,-1,3,18415617,18415618,18415619
0,18415621,1,17086000383401641255,10008,0,0,4,0,-1,0
0,18481152,1,17086000383401641255,10007,0,0,4,0,-1,1,18481156
0,18481153,1,17086000383401641255,10003,5,17623573846819452485,0,2,18481152,1,18481157
0,18481154,1,17086000383401641255,10002,2,4941800699662217180,0,1,18481152,1,18481157
0,18481155,1,17086000383401641255,10001,6,17934555311738208515,1,0,18481152,1,18481157
0,18481156,1,17086000383401641255,10009,1,18446744073709551614,6,0,-1,3,18481153,18481154,18481155
0,18481157,1,17086000383401641255,10008,0,0,4,0,-1,0
0,18546688,1,17086000383401641255,10007,0,0,4,0,-1,1,18546692
0,18546689,1,17086000383401641255,10003,5,17623573846819452485,0,2,18546688,1,18546693
0,18546690,1,17086000383401641255,10002,2,4941800699662217180,0,1,18546688,1,18546693
0,18546691,1,17086000383401641255,10001,6,17934555311738208515,1,0,18546688,1,18546693
0,18546692,1,17086000383401641255,10009,1,18446744073709551614,6,0,-1,3,18546689,18546690,18546691
0,18546693,1,17086000383401641255,10008,0,0,4,0,-1,0
0,18612224,1,17086000383401641255,10007,0,0,4,0,-1,1,18612228
0,18612225,1,17086000383401641255,10003,5,17623573846819452485,0,2,18612224,1,18612229
0,18612226,1,17086000383401641255,10002,2,4941800699662217180,0,1,18612224,1,18612229
0,18612227,1,17086000383401641255,10001,6,17934555311738208515,1,0,18612224,1,18612229
0,18612228,1,17086000383401641255,10009,1,18446744073709551614,6,0,-1,3,18612225,18612226,18612227
0,18612229,1,17086000383401641255,10008,0,0,4,0,-1,0
0,18677760,1,17086000383401641255,10007,0,0,4,0,-1,1,18677764
0,18677761,1,17086000383401641255,10003,5,17623573846819452485,0,2,18677760,1,18677765
0,18677762,1,17086000383401641255,10002,2,4941800699662217180,0,1,18677760,1,18677765
0,18677763,1,17086000383401641255,10001,6,17934555311738208515,1,0,18677760,1,18677765
0,18677764,1,17086000383401641255,10009,1,18446744073709551614,6,0,-1,3,18677761,18677762,18677763
0,18677765,1,17086000383401641255,10008,0,0,4,0,-1,0
0,18743296,1,17086000383401641255,10007,0,0,4,0,-1,1,18743300
0,18743297,1,17086000383401641255,10003,5,17623573846819452485,0,2,18743296,1,18743301
0,18743298,1,17086000383401641255,10002,2,4941800699662217180,0,1,18743296,1,18743301
0,18743299,1,17086000383401641255,10001,6,17934555311738208515,1,0,18743296,1,18743301
0,18743300,1,17086000383401641255,10009,1,18446744073709551614,6,0,-1,3,18743297,18743298,18743299
0,18743301,1,17086000383401641255,10008,0,0,4,0,-1,0
0,18808832,1,17086000383401641255,10007,0,0,4,0,-1,1,18808836
0,18808833,1,17086000383401641255,10003,5,17623573846819452485,0,2,18808832,1,18808837
0,18808834,1,17086000383401641255,10002,2,4941800699662217180,0,1,18808832,1,18808837
0,18808835,1,17086000383401641255,10001,6,17934555311738208515,1,0,18808832,1,18808837
0,18808836,1,17086000383401641255,10009,1,18446744073709551614,6,0,-1,3,18808833,18808834,18808835
0,18808837,1,17086000383401641255,10008,0,0,4,0,-1,0
0,18874368,1,17086000383401641255,10007,0,0,4,0,-1,1,18874372
0,18874369,1,17086000383401641255,10003,5,17623573846819452485,0,2,18874368,1,18874373
0,18874370,1,17086000383401641255,10002,2,4941800699662217180,0,1,18874368,1,18874373
0,18874371,1,17086000383401641255,10001,6,17934555311738208515,1,0,18874368,1,18874373
0,18874372,1,17086000383401641255,10009,1,18446744073709551614,6,0,-1,3,18874369,18874370,18874371
0,18874373,1,17086000383401641255,10008,0,0,4,0,-1,0
0,18939904,1,17086000383401641255,10007,0,0,4,0,-1,1,18939908
0,18939905,1,17086000383401641255,10003,5,17623573846819452485,0,2,18939904,1,18939909
0,18939906,1,17086000383401641255,10002,2,4941800699662217180,0,1,18939904,1,18939909
0,18939907,1,17086000383401641255,10001,6,17934555311738208515,1,0,18939904,1,18939909
0,18939908,1,17086000383401641255,10009,1,18446744073709551614,6,0,-1,3,18939905,18939906,18939907
0,18939909,1,17086000383401641255,10008,0,0,4,0,-1,0
0,19005440,1,17086000383401641255,10007,0,0,4,0,-1,1,19005444
0,19005441,1,17086000383401641255,10003,5,17623573846819452485,0,2,19005440,1,19005445
0,19005442,1,17086000383401641255,10002,2,4941800699662217180,0,1,19005440,1,19005445
0,19005443,1,17086000383401641255,10001,6,17934555311738208515,1,0,19005440,1,19005445
0,19005444,1,17086000383401641255,10009,1,18446744073709551614,6,0,-1,3,19005441,19005442,19005443
0,19005445,1,17086000383401641255,10008,0,0,4,0,-1,0
0,19070976,1,17086000383401641255,10007,0,0,4,0,-1,1,19070980
0,19070977,1,17086000383401641255,10003,5,17623573846819452485,0,2,19070976,1,19070981
0,19070978,1,17086000383401641255,10002,2,4941800699662217180,0,1,19070976,1,19070981
0,19070979,1,17086000383401641255,10001,6,17934555311738208515,1,0,19070976,1,19070981
0,19070980,1,17086000383401641255,10009,1,18446744073709551614,6,0,-1,3,19070977,19070978,19070979
0,19070981,1,17086000383401641255,10008,0,0,4,0,-1,0
0,19136512,1,17086000383401641255,10007,0,0,4,0,-1,1,19136516
0,19136513,1,17086000383401641255,10003,5,17623573846819452485,0,2,19136512,1,19136517
0,19136514,1,17086000383401641255,10002,2,4941800699662217180,0,1,19136512,1,19136517
0,19136515,1,17086000383401641255,10001,6,17934555311738208515,1,0,19136512,1,19136517
0,19136516,1,17086000383401641255,10009,1,18446744073709551614,6,0,-1,3,19136513,19136514,19136515
0,19136517,1,17086000383401641255,10008,0,0,4,0,-1,0
0,19202048,1,17086000383401641255,10007,0,0,4,0,-1,1,19202052
0,19202049,1,17086000383401641255,10003,5,17623573846819452485,0,2,19202048,1,19202053
0,19202050,1,17086000383401641255,10002,2,4941800699662217180,0,1,19202048,1,19202053
0,19202051,1,17086000383401641255,10001,6,17934555311738208515,1,0,19202048,1,19202053
0,19202052,1,17086000383401641255,10009,1,18446744073709551614,6,0,-1,3,19202049,19202050,19202051
0,19202053,1,17086000383401641255,10008,0,0,4,0,-1,0
0,19267584,1,17086000383401641255,10007,0,0,4,0,-1,1,19267588
0,19267585,1,17086000383401641255,10003,5,17623573846819452485,0,2,19267584,1,19267589
0,19267586,1,17086000383401641255,10002,2,4941800699662217180,0,1,19267584,1,19267589
0,19267587,1,17086000383401641255,10001,6,17934555311738208515,1,0,19267584,1,19267589
0,19267588,1,17086000383401641255,10009,1,18446744073709551614,6,0,-1,3,19267585,19267586,19267587
0,19267589,1,17086000383401641255,10008,0,0,4,0,-1,0
0,19333120,1,17086000383401641255,10007,0,0,4,0,-1,1,19333124
0,19333121,1,17086000383401641255,10003,5,17623573846819452485,0,2,19333120,1,19333125
0,19333122,1,17086000383401641255,10002,2,4941800699662217180,0,1,19333120,1,19333125
0,19333123,1,17086000383401641255,10001,6,17934555311738208515,1,0,19333120,1,19333125
0,19333124,1,17086000383401641255,10009,1,18446744073709551614,6,0,-1,3,19333121,19333122,19333123
0,19333125,1,17086000383401641255,10008,0,0,4,0,-1,0
0,19398656,1,17086000383401641255,10007,0,0,4,0,-1,1,19398660
0,19398657,1,17086000383401641255,10003,5,17623573846819452485,0,2,19398656,1,19398661
0,19398658,1,17086000383401641255,10002,2,4941800699662217180,0,1,19398656,1,19398661
0,19398659,1,17086000383401641255,10001,6,17934555311738208515,1,0,19398656,1,19398661
0,19398660,1,17086000383401641255,10009,1,18446744073709551614,6,0,-1,3,19398657,19398658,19398659
0,19398661,1,17086000383401641255,10008,0,0,4,0,-1,0
0,19464192,1,17086000383401641255,10007,0,0,4,0,-1,1,19464196
0,19464193,1,17086000383401641255,10003,5,17623573846819452485,0,2,19464192,1,19464197
0,19464194,1,17086000383401641255,10002,2,4941800699662217180,0,1,19464192,1,19464197
0,19464195,1,17086000383401641255,10001,6,17934555311738208515,1,0,19464192,1,19464197
0,19464196,1,17086000383401641255,10009,1,18446744073709551614,6,0,-1,3,19464193,19464194,19464195
0,19464197,1,17086000383401641255,10008,0,0,4,0,-1,0
0,19529728,1,17086000383401641255,10007,0,0,4,0,-1,1,19529732
0,19529729,1,17086000383401641255,10003,5,17623573846819452485,0,2,19529728,1,19529733
0,19529730,1,17086000383401641255,10002,2,4941800699662217180,0,1,19529728,1,19529733
0,19529731,1,17086000383401641255,10001,6,17934555311738208515,1,0,19529728,1,19529733
0,19529732,1,17086000383401641255,10009,1,18446744073709551614,6,0,-1,3,19529729,19529730,19529731
0,19529733,1,17086000383401641255,10008,0,0,4,0,-1,0
0,19595264,1,17086000383401641255,10007,0,0,4,0,-1,1,19595268
0,19595265,1,17086000383401641255,10003,5,17623573846819452485,0,2,19595264,1,19595269
0,19595266,1,17086000383401641255,10002,2,4941800699662217180,0,1,19595264,1,19595269
0,19595267,1,17086000383401641255,10001,6,17934555311738208515,1,0,19595264,1,19595269
0,19595268,1,17086000383401641255,10009,1,18446744073709551614,6,0,-1,3,19595265,19595266,19595267
0,19595269,1,17086000383401641255,10008,0,0,4,0,-1,0
0,19660800,1,17086000383401641255,10007,0,0,4,0,-1,1,19660804
0,19660801,1,17086000383401641255,10003,5,17623573846819452485,0,2,19660800,1,19660805
0,19660802,1,17086000383401641255,10002,2,4941800699662217180,0,1,19660800,1,19660805
0,19660803,1,17086000383401641255,10001,6,17934555311738208515,1,0,19660800,1,19660805
0,19660804,1,17086000383401641255,10009,1,18446744073709551614,6,0,-1,3,19660801,19660802,19660803
0,19660805,1,17086000383401641255,10008,0,0,4,0,-1,0
0,19726336,1,17086000383401641255,10007,0,0,4,0,-1,1,19726340
0,19726337,1,17086000383401641255,10003,5,17623573846819452485,0,2,19726336,1,19726341
0,19726338,1,17086000383401641255,10002,2,4941800699662217180,0,1,19726336,1,19726341
0,19726339,1,17086000383401641255,10001,6,17934555311738208515,1,0,19726336,1,19726341
0,19726340,1,17086000383401641255,10009,1,18446744073709551614,6,0,-1,3,19726337,19726338,19726339
0,19726341,1,17086000383401641255,10008,0,0,4,0,-1,0
0,19791872,1,17086000383401641255,10007,0,0,4,0,-1,1,19791876
0,19791873,1,17086000383401641255,10003,5,17623573846819452485,0,2,19791872,1,19791877
0,19791874,1,17086000383401641255,10002,2,4941800699662217180,0,1,19791872,1,19791877
0,19791875,1,17086000383401641255,10001,6,17934555311738208515,1,0,19791872,1,19791877
0,19791876,1,17086000383401641255,10009,1,18446744073709551614,6,0,-1,3,19791873,19791874,19791875
0,19791877,1,17086000383401641255,10008,0,0,4,0,-1,0
0,19857408,1,17086000383401641255,10007,0,0,4,0,-1,1,19857412
0,19857409,1,17086000383401641255,10003,5,17623573846819452485,0,2,19857408,1,19857413
0,19857410,1,17086000383401641255,10002,2,4941800699662217180,0,1,19857408,1,19857413
0,19857411,1,17086000383401641255,10001,6,17934555311738208515,1,0,19857408,1,19857413
0,19857412,1,17086000383401641255,10009,1,18446744073709551614,6,0,-1,3,19857409,19857410,19857411
0,19857413,1,17086000383401641255,10008,0,0,4,0,-1,0
0,19922944,1,17086000383401641255,10007,0,0,4,0,-1,1,19922948
0,19922945,1,17086000383401641255,10003,5,17623573846819452485,0,2,19922944,1,19922949
0,19922946,1,17086000383401641255,10002,2,4941800699662217180,0,1,19922944,1,19922949
0,19922947,1,17086000383401641255,10001,6,17934555311738208515,1,0,19922944,1,19922949
0,19922948,1,17086000383401641255,10009,1,18446744073709551614,6,0,-1,3,19922945,19922946,19922947
0,19922949,1,17086000383401641255,10008,0,0,4,0,-1,0
0,19988480,1,17086000383401641255,10007,0,0,4,0,-1,1,19988484
0,19988481,1,17086000383401641255,10003,5,17623573846819452485,0,2,19988480,1,19988485
0,19988482,1,17086000383401641255,10002,2,4941800699662217180,0,1,19988480,1,19988485
0,19988483,1,17086000383401641255,10001,6,17934555311738208515,1,0,19988480,1,19988485
0,19988484,1,17086000383401641255,10009,1,18446744073709551614,6,0,-1,3,19988481,19988482,19988483
0,19988485,1,17086000383401641255,10008,0,0,4,0,-1,0
0,20054016,1,17086000383401641255,10007,0,0,4,0,-1,1,20054020
0,20054017,1,17086000383401641255,10003,5,17623573846819452485,0,2,20054016,1,20054021
0,20054018,1,17086000383401641255,10002,2,4941800699662217180,0,1,20054016,1,20054021
0,20054019,1,17086000383401641255,10001,6,17934555311738208515,1,0,20054016,1,20054021
0,20054020,1,17086000383401641255,10009,1,18446744073709551614,6,0,-1,3,20054017,20054018,20054019
0,20054021,1,17086000383401641255,10008,0,0,4,0,-1,0
0,20119552,1,17086000383401641255,10007,0,0,4,0,-1,1,20119556
0,20119553,1,17086000383401641255,10003,5,17623573846819452485,0,2,20119552,1,20119557
0,20119554,1,17086000383401641255,10002,2,4941800699662217180,0,1,20119552,1,20119557
0,20119555,1,17086000383401641255,10001,6,17934555311738208515,1,0,20119552,1,20119557
0,20119556,1,17086000383401641255,10009,1,18446744073709551614,6,0,-1,3,20119553,20119554,20119555
0,20119557,1,17086000383401641255,10008,0,0,4,0,-1,0
0,20185088,1,17086000383401641255,10007,0,0,4,0,-1,1,20185092
0,20185089,1,17086000383401641255,10003,5,17623573846819452485,0,2,20185088,1,20185093
0,20185090,1,17086000383401641255,10002,2,4941800699662217180,0,1,20185088,1,20185093
0,20185091,1,17086000383401641255,10001,6,17934555311738208515,1,0,20185088,1,20185093
0,20185092,1,17086000383401641255,10009,1,18446744073709551614,6,0,-1,3,20185089,20185090,20185091
0,20185093,1,17086000383401641255,10008,0,0,4,0,-1,0
0,20250624,1,17086000383401641255,10007,0,0,4,0,-1,1,20250628
0,20250625,1,17086000383401641255,10003,5,17623573846819452485,0,2,20250624,1,20250629
0,20250626,1,17086000383401641255,10002,2,4941800699662217180,0,1,20250624,1,20250629
0,20250627,1,17086000383401641255,10001,6,17934555311738208515,1,0,20250624,1,20250629
0,20250628,1,17086000383401641255,10009,1,18446744073709551614,6,0,-1,3,20250625,20250626,20250627
0,20250629,1,17086000383401641255,10008,0,0,4,0,-1,0
0,20316160,1,17086000383401641255,10007,0,0,4,0,-1,1,20316164
0,20316161,1,17086000383401641255,10003,5,17623573846819452485,0,2,20316160,1,20316165
0,20316162,1,17086000383401641255,10002,2,4941800699662217180,0,1,20316160,1,20316165
0,20316163,1,17086000383401641255,10001,6,17934555311738208515,1,0,20316160,1,20316165
0,20316164,1,17086000383401641255,10009,1,18446744073709551614,6,0,-1,3,20316161,20316162,20316163
0,20316165,1,17086000383401641255,10008,0,0,4,0,-1,0
0,20381696,1,17086000383401641255,10007,0,0,4,0,-1,1,20381700
0,20381697,1,17086000383401641255,10003,5,17623573846819452485,0,2,20381696,1,20381701
0,20381698,1,17086000383401641255,10002,2,4941800699662217180,0,1,20381696,1,20381701
0,20381699,1,17086000383401641255,10001,6,17934555311738208515,1,0,20381696,1,20381701
0,20381700,1,17086000383401641255,10009,1,18446744073709551614,6,0,-1,3,20381697,20381698,20381699
0,20381701,1,17086000383401641255,10008,0,0,4,0,-1,0
0,20447232,1,17086000383401641255,10007,0,0,4,0,-1,1,20447236
0,20447233,1,17086000383401641255,10003,5,17623573846819452485,0,2,20447232,1,20447237
0,20447234,1,17086000383401641255,10002,2,4941800699662217180,0,1,20447232,1,20447237
0,20447235,1,17086000383401641255,10001,6,17934555311738208515,1,0,20447232,1,20447237
0,20447236,1,17086000383401641255,10009,1,18446744073709551614,6,0,-1,3,20447233,20447234,20447235
0,20447237,1,17086000383401641255,10008,0,0,4,0,-1,0
0,20512768,1,17086000383401641255,10007,0,0,4,0,-1,1,20512772
0,20512769,1,17086000383401641255,10003,5,17623573846819452485,0,2,20512768,1,20512773
0,20512770,1,17086000383401641255,10002,2,4941800699662217180,0,1,20512768,1,20512773
0,20512771,1,17086000383401641255,10001,6,17934555311738208515,1,0,20512768,1,20512773
0,20512772,1,17086000383401641255,10009,1,18446744073709551614,6,0,-1,3,20512769,20512770,20512771
0,20512773,1,17086000383401641255,10008,0,0,4,0,-1,0
0,20578304,1,17086000383401641255,10007,0,0,4,0,-1,1,20578308
0,20578305,1,17086000383401641255,10003,5,17623573846819452485,0,2,20578304,1,20578309
0,20578306,1,17086000383401641255,10002,2,4941800699662217180,0,1,20578304,1,20578309
0,20578307,1,17086000383401641255,10001,6,17934555311738208515,1,0,20578304,1,20578309
0,20578308,1,17086000383401641255,10009,1,18446744073709551614,6,0,-1,3,20578305,20578306,20578307
0,20578309,1,17086000383401641255,10008,0,0,4,0,-1,0
0,20643840,1,17086000383401641255,10007,0,0,4,0,-1,1,20643844
0,20643841,1,17086000383401641255,10003,5,17623573846819452485,0,2,20643840,1,20643845
0,20643842,1,17086000383401641255,10002,2,4941800699662217180,0,1,20643840,1,20643845
0,20643843,1,17086000383401641255,10001,6,17934555311738208515,1,0,20643840,1,20643845
0,20643844,1,17086000383401641255,10009,1,18446744073709551614,6,0,-1,3,20643841,20643842,20643843
0,20643845,1,17086000383401641255,10008,0,0,4,0,-1,0
0,20709376,1,17086000383401641255,10007,0,0,4,0,-1,1,20709380
0,20709377,1,17086000383401641255,10003,5,17623573846819452485,0,2,20709376,1,20709381
0,20709378,1,17086000383401641255,10002,2,4941800699662217180,0,1,20709376,1,20709381
0,20709379,1,17086000383401641255,10001,6,17934555311738208515,1,0,20709376,1,20709381
0,20709380,1,17086000383401641255,10009,1,18446744073709551614,6,0,-1,3,20709377,20709378,20709379
0,20709381,1,17086000383401641255,10008,0,0,4,0,-1,0
0,20774912,1,17086000383401641255,10007,0,0,4,0,-1,1,20774916
0,20774913,1,17086000383401641255,10003,5,17623573846819452485,0,2,20774912,1,20774917
0,20774914,1,17086000383401641255,10002,2,4941800699662217180,0,1,20774912,1,20774917
0,20774915,1,17086000383401641255,10001,6,17934555311738208515,1,0,20774912,1,20774917
0,20774916,1,17086000383401641255,10009,1,18446744073709551614,6,0,-1,3,20774913,20774914,20774915
0,20774917,1,17086000383401641255,10008,0,0,4,0,-1,0
0,20840448,1,17086000383401641255,10007,0,0,4,0,-1,1,20840452
0,20840449,1,17086000383401641255,10003,5,17623573846819452485,0,2,20840448,1,20840453
0,20840450,1,17086000383401641255,10002,2,4941800699662217180,0,1,20840448,1,20840453
0,20840451,1,17086000383401641255,10001,6,17934555311738208515,1,0,20840448,1,20840453
0,20840452,1,17086000383401641255,10009,1,18446744073709551614,6,0,-1,3,20840449,20840450,20840451
0,20840453,1,17086000383401641255,10008,0,0,4,0,-1,0
0,20905984,1,17086000383401641255,10007,0,0,4,0,-1,1,20905988
0,20905985,1,17086000383401641255,10003,5,17623573846819452485,0,2,20905984,1,20905989
0,20905986,1,17086000383401641255,10002,2,4941800699662217180,0,1,20905984,1,20905989
0,20905987,1,17086000383401641255,10001,6,17934555311738208515,1,0,20905984,1,20905989
0,20905988,1,17086000383401641255,10009,1,18446744073709551614,6,0,-1,3,20905985,20905986,20905987
0,20905989,1,17086000383401641255,10008,0,0,4,0,-1,0
0,20971520,1,17086000383401641255,10007,0,0,4,0,-1,1,20971524
0,20971521,1,17086000383401641255,10003,5,17623573846819452485,0,2,20971520,1,20971525
0,20971522,1,17086000383401641255,10002,2,4941800699662217180,0,1,20971520,1,20971525
0,20971523,1,17086000383401641255,10001,6,17934555311738208515,1,0,20971520,1,20971525
0,20971524,1,17086000383401641255,10009,1,18446744073709551614,6,0,-1,3,20971521,20971522,20971523
0,20971525,1,17086000383401641255,10008,0,0,4,0,-1,0
0,21037056,1,17086000383401641255,10007,0,0,4,0,-1,1,21037060
0,21037057,1,17086000383401641255,10003,5,17623573846819452485,0,2,21037056,1,21037061
0,21037058,1,17086000383401641255,10002,2,4941800699662217180,0,1,21037056,1,21037061
0,21037059,1,17086000383401641255,10001,6,17934555311738208515,1,0,21037056,1,21037061
0,21037060,1,17086000383401641255,10009,1,18446744073709551614,6,0,-1,3,21037057,21037058,21037059
0,21037061,1,17086000383401641255,10008,0,0,4,0,-1,0
0,21102592,1,17086000383401641255,10007,0,0,4,0,-1,1,21102596
0,21102593,1,17086000383401641255,10003,5,17623573846819452485,0,2,21102592,1,21102597
0,21102594,1,17086000383401641255,10002,2,4941800699662217180,0,1,21102592,1,21102597
0,21102595,1,17086000383401641255,10001,6,17934555311738208515,1,0,21102592,1,21102597
0,21102596,1,17086000383401641255,10009,1,18446744073709551614,6,0,-1,3,21102593,21102594,21102595
0,21102597,1,17086000383401641255,10008,0,0,4,0,-1,0
0,21168128,1,17086000383401641255,10007,0,0,4,0,-1,1,21168132
0,21168129,1,17086000383401641255,10003,5,17623573846819452485,0,2,21168128,1,21168133
0,21168130,1,17086000383401641255,10002,2,4941800699662217180,0,1,21168128,1,21168133
0,21168131,1,17086000383401641255,10001,6,17934555311738208515,1,0,21168128,1,21168133
0,21168132,1,17086000383401641255,10009,1,18446744073709551614,6,0,-1,3,21168129,21168130,21168131
0,21168133,1,17086000383401641255,10008,0,0,4,0,-1,0
0,21233664,1,17086000383401641255,10007,0,0,4,0,-1,1,21233668
0,21233665,1,17086000383401641255,10003,5,17623573846819452485,0,2,21233664,1,21233669
0,21233666,1,17086000383401641255,10002,2,4941800699662217180,0,1,21233664,1,21233669
0,21233667,1,17086000383401641255,10001,6,17934555311738208515,1,0,21233664,1,21233669
0,21233668,1,17086000383401641255,10009,1,18446744073709551614,6,0,-1,3,21233665,21233666,21233667
0,21233669,1,17086000383401641255,10008,0,0,4,0,-1,0
0,21299200,1,17086000383401641255,10007,0,0,4,0,-1,1,21299204
0,21299201,1,17086000383401641255,10003,5,17623573846819452485,0,2,21299200,1,21299205
0,21299202,1,17086000383401641255,10002,2,4941800699662217180,0,1,21299200,1,21299205
0,21299203,1,17086000383401641255,10001,6,17934555311738208515,1,0,21299200,1,21299205
0,21299204,1,17086000383401641255,10009,1,18446744073709551614,6,0,-1,3,21299201,21299202,21299203
0,21299205,1,17086000383401641255,10008,0,0,4,0,-1,0
0,21364736,1,17086000383401641255,10007,0,0,4,0,-1,1,21364740
0,21364737,1,17086000383401641255,10003,5,17623573846819452485,0,2,21364736,1,21364741
0,21364738,1,17086000383401641255,10002,2,4941800699662217180,0,1,21364736,1,21364741
0,21364739,1,17086000383401641255,10001,6,17934555311738208515,1,0,21364736,1,21364741
0,21364740,1,17086000383401641255,10009,1,18446744073709551614,6,0,-1,3,21364737,21364738,21364739
0,21364741,1,17086000383401641255,10008,0,0,4,0,-1,0
0,21430272,1,17086000383401641255,10007,0,0,4,0,-1,1,21430276
0,21430273,1,17086000383401641255,10003,5,17623573846819452485,0,2,21430272,1,21430277
0,21430274,1,17086000383401641255,10002,2,4941800699662217180,0,1,21430272,1,21430277
0,21430275,1,17086000383401641255,10001,6,17934555311738208515,1,0,21430272,1,21430277
0,21430276,1,17086000383401641255,10009,1,18446744073709551614,6,0,-1,3,21430273,21430274,21430275
0,21430277,1,17086000383401641255,10008,0,0,4,0,-1,0
0,21495808,1,17086000383401641255,10007,0,0,4,0,-1,1,21495812
0,21495809,1,17086000383401641255,10003,5,17623573846819452485,0,2,21495808,1,21495813
0,21495810,1,17086000383401641255,10002,2,4941800699662217180,0,1,21495808,1,21495813
0,21495811,1,17086000383401641255,10001,6,17934555311738208515,1,0,21495808,1,21495813
0,21495812,1,17086000383401641255,10009,1,18446744073709551614,6,0,-1,3,21495809,21495810,21495811
0,21495813,1,17086000383401641255,10008,0,0,4,0,-1,0
0,21561344,1,17086000383401641255,10007,0,0,4,0,-1,1,21561348
0,21561345,1,17086000383401641255,10003,5,17623573846819452485,0,2,21561344,1,21561349
0,21561346,1,17086000383401641255,10002,2,4941800699662217180,0,1,21561344,1,21561349
0,21561347,1,17086000383401641255,10001,6,17934555311738208515,1,0,21561344,1,21561349
0,21561348,1,17086000383401641255,10009,1,18446744073709551614,6,0,-1,3,21561345,21561346,21561347
0,21561349,1,17086000383401641255,10008,0,0,4,0,-1,0
0,21626880,1,17086000383401641255,10007,0,0,4,0,-1,1,21626884
0,21626881,1,17086000383401641255,10003,5,17623573846819452485,0,2,21626880,1,21626885
0,21626882,1,17086000383401641255,10002,2,4941800699662217180,0,1,21626880,1,21626885
0,21626883,1,17086000383401641255,10001,6,17934555311738208515,1,0,21626880,1,21626885
0,21626884,1,17086000383401641255,10009,1,18446744073709551614,6,0,-1,3,21626881,21626882,21626883
0,21626885,1,17086000383401641255,10008,0,0,4,0,-1,0
0,21692416,1,17086000383401641255,10007,0,0,4,0,-1,1,21692420
0,21692417,1,17086000383401641255,10003,5,17623573846819452485,0,2,21692416,1,21692421
0,21692418,1,17086000383401641255,10002,2,4941800699662217180,0,1,21692416,1,21692421
0,21692419,1,17086000383401641255,10001,6,17934555311738208515,1,0,21692416,1,21692421
0,21692420,1,17086000383401641255,10009,1,18446744073709551614,6,0,-1,3,21692417,21692418,21692419
0,21692421,1,17086000383401641255,10008,0,0,4,0,-1,0
0,21757952,1,17086000383401641255,10007,0,0,4,0,-1,1,21757956
0,21757953,1,17086000383401641255,10003,5,17623573846819452485,0,2,21757952,1,21757957
0,21757954,1,17086000383401641255,10002,2,4941800699662217180,0,1,21757952,1,21757957
0,21757955,1,17086000383401641255,10001,6,17934555311738208515,1,0,21757952,1,21757957
0,21757956,1,17086000383401641255,10009,1,18446744073709551614,6,0,-1,3,21757953,21757954,21757955
0,21757957,1,17086000383401641255,10008,0,0,4,0,-1,0
0,21823488,1,17086000383401641255,10007,0,0,4,0,-1,1,21823492
0,21823489,1,17086000383401641255,10003,5,17623573846819452485,0,2,21823488,1,21823493
0,21823490,1,17086000383401641255,10002,2,4941800699662217180,0,1,21823488,1,21823493
0,21823491,1,17086000383401641255,10001,6,17934555311738208515,1,0,21823488,1,21823493
0,21823492,1,17086000383401641255,10009,1,18446744073709551614,6,0,-1,3,21823489,21823490,21823491
0,21823493,1,17086000383401641255,10008,0,0,4,0,-1,0
0,21889024,1,17086000383401641255,10007,0,0,4,0,-1,1,21889028
0,21889025,1,17086000383401641255,10003,5,17623573846819452485,0,2,21889024,1,21889029
0,21889026,1,17086000383401641255,10002,2,4941800699662217180,0,1,21889024,1,21889029
0,21889027,1,17086000383401641255,10001,6,17934555311738208515,1,0,21889024,1,21889029
0,21889028,1,17086000383401641255,10009,1,18446744073709551614,6,0,-1,3,21889025,21889026,21889027
0,21889029,1,17086000383401641255,10008,0,0,4,0,-1,0
0,21954560,1,17086000383401641255,10007,0,0,4,0,-1,1,21954564
0,21954561,1,17086000383401641255,10003,5,17623573846819452485,0,2,21954560,1,21954565
0,21954562,1,17086000383401641255,10002,2,4941800699662217180,0,1,21954560,1,21954565
0,21954563,1,17086000383401641255,10001,6,17934555311738208515,1,0,21954560,1,21954565
0,21954564,1,17086000383401641255,10009,1,18446744073709551614,6,0,-1,3,21954561,21954562,21954563
0,21954565,1,17086000383401641255,10008,0,0,4,0,-1,0
0,22020096,1,17086000383401641255,10007,0,0,4,0,-1,1,22020100
0,22020097,1,17086000383401641255,10003,5,17623573846819452485,0,2,22020096,1,22020101
0,22020098,1,17086000383401641255,10002,2,4941800699662217180,0,1,22020096,1,22020101
0,22020099,1,17086000383401641255,10001,6,17934555311738208515,1,0,22020096,1,22020101
0,22020100,1,17086000383401641255,10009,1,18446744073709551614,6,0,-1,3,22020097,22020098,22020099
0,22020101,1,17086000383401641255,10008,0,0,4,0,-1,0
0,22085632,1,17086000383401641255,10007,0,0,4,0,-1,1,22085636
0,22085633,1,17086000383401641255,10003,5,17623573846819452485,0,2,22085632,1,22085637
0,22085634,1,17086000383401641255,10002,2,4941800699662217180,0,1,22085632,1,22085637
0,22085635,1,17086000383401641255,10001,6,17934555311738208515,1,0,22085632,1,22085637
0,22085636,1,17086000383401641255,10009,1,18446744073709551614,6,0,-1,3,22085633,22085634,22085635
0,22085637,1,17086000383401641255,10008,0,0,4,0,-1,0
0,22151168,1,17086000383401641255,10007,0,0,4,0,-1,1,22151172
0,22151169,1,17086000383401641255,10003,5,17623573846819452485,0,2,22151168,1,22151173
0,22151170,1,17086000383401641255,10002,2,4941800699662217180,0,1,22151168,1,22151173
0,22151171,1,17086000383401641255,10001,6,17934555311738208515,1,0,22151168,1,22151173
0,22151172,1,17086000383401641255,10009,1,18446744073709551614,6,0,-1,3,22151169,22151170,22151171
0,22151173,1,17086000383401641255,10008,0,0,4,0,-1,0
0,22216704,1,17086000383401641255,10007,0,0,4,0,-1,1,22216708
0,22216705,1,17086000383401641255,10003,5,17623573846819452485,0,2,22216704,1,22216709
0,22216706,1,17086000383401641255,10002,2,4941800699662217180,0,1,22216704,1,22216709
0,22216707,1,17086000383401641255,10001,6,17934555311738208515,1,0,22216704,1,22216709
0,22216708,1,17086000383401641255,10009,1,18446744073709551614,6,0,-1,3,22216705,22216706,22216707
0,22216709,1,17086000383401641255,10008,0,0,4,0,-1,0
0,22282240,1,17086000383401641255,10007,0,0,4,0,-1,1,22282244
0,22282241,1,17086000383401641255,10003,5,17623573846819452485,0,2,22282240,1,22282245
0,22282242,1,17086000383401641255,10002,2,4941800699662217180,0,1,22282240,1,22282245
0,22282243,1,17086000383401641255,10001,6,17934555311738208515,1,0,22282240,1,22282245
0,22282244,1,17086000383401641255,10009,1,18446744073709551614,6,0,-1,3,22282241,22282242,22282243
0,22282245,1,17086000383401641255,10008,0,0,4,0,-1,0
0,22347776,1,17086000383401641255,10007,0,0,4,0,-1,1,22347780
0,22347777,1,17086000383401641255,10003,5,17623573846819452485,0,2,22347776,1,22347781
0,22347778,1,17086000383401641255,10002,2,4941800699662217180,0,1,22347776,1,22347781
0,22347779,1,17086000383401641255,10001,6,17934555311738208515,1,0,22347776,1,22347781
0,22347780,1,17086000383401641255,10009,1,18446744073709551614,6,0,-1,3,22347777,22347778,22347779
0,22347781,1,17086000383401641255,10008,0,0,4,0,-1,0
0,22413312,1,17086000383401641255,10007,0,0,4,0,-1,1,22413316
0,22413313,1,17086000383401641255,10003,5,17623573846819452485,0,2,22413312,1,22413317
0,22413314,1,17086000383401641255,10002,2,4941800699662217180,0,1,22413312,1,22413317
0,22413315,1,17086000383401641255,10001,6,17934555311738208515,1,0,22413312,1,22413317
0,22413316,1,17086000383401641255,10009,1,18446744073709551614,6,0,-1,3,22413313,22413314,22413315
0,22413317,1,17086000383401641255,10008,0,0,4,0,-1,0
0,22478848,1,17086000383401641255,10007,0,0,4,0,-1,1,22478852
0,22478849,1,17086000383401641255,10003,5,17623573846819452485,0,2,22478848,1,22478853
0,22478850,1,17086000383401641255,10002,2,4941800699662217180,0,1,22478848,1,22478853
0,22478851,1,17086000383401641255,10001,6,17934555311738208515,1,0,22478848,1,22478853
0,22478852,1,17086000383401641255,10009,1,18446744073709551614,6,0,-1,3,22478849,22478850,22478851
0,22478853,1,17086000383401641255,10008,0,0,4,0,-1,0
0,22544384,1,17086000383401641255,10007,0,0,4,0,-1,1,22544388
0,22544385,1,17086000383401641255,10003,5,17623573846819452485,0,2,22544384,1,22544389
0,22544386,1,17086000383401641255,10002,2,4941800699662217180,0,1,22544384,1,22544389
0,22544387,1,17086000383401641255,10001,6,17934555311738208515,1,0,22544384,1,22544389
0,22544388,1,17086000383401641255,10009,1,18446744073709551614,6,0,-1,3,22544385,22544386,22544387
0,22544389,1,17086000383401641255,10008,0,0,4,0,-1,0
0,22609920,1,17086000383401641255,10007,0,0,4,0,-1,1,22609924
0,22609921,1,17086000383401641255,10003,5,17623573846819452485,0,2,22609920,1,22609925
0,22609922,1,17086000383401641255,10002,2,4941800699662217180,0,1,22609920,1,22609925
0,22609923,1,17086000383401641255,10001,6,17934555311738208515,1,0,22609920,1,22609925
0,22609924,1,17086000383401641255,10009,1,18446744073709551614,6,0,-1,3,22609921,22609922,22609923
0,22609925,1,17086000383401641255,10008,0,0,4,0,-1,0
0,22675456,1,17086000383401641255,10007,0,0,4,0,-1,1,22675460
0,22675457,1,17086000383401641255,10003,5,17623573846819452485,0,2,22675456,1,22675461
0,22675458,1,17086000383401641255,10002,2,4941800699662217180,0,1,22675456,1,22675461
0,22675459,1,17086000383401641255,10001,6,17934555311738208515,1,0,22675456,1,22675461
0,22675460,1,17086000383401641255,10009,1,18446744073709551614,6,0,-1,3,22675457,22675458,22675459
0,22675461,1,17086000383401641255,10008,0,0,4,0,-1,0
0,22740992,1,17086000383401641255,10007,0,0,4,0,-1,1,22740996
0,22740993,1,17086000383401641255,10003,5,17623573846819452485,0,2,22740992,1,22740997
0,22740994,1,17086000383401641255,10002,2,4941800699662217180,0,1,22740992,1,22740997
0,22740995,1,17086000383401641255,10001,6,17934555311738208515,1,0,22740992,1,22740997
0,22740996,1,17086000383401641255,10009,1,18446744073709551614,6,0,-1,3,22740993,22740994,22740995
0,22740997,1,17086000383401641255,10008,0,0,4,0,-1,0
0,22806528,1,17086000383401641255,10007,0,0,4,0,-1,1,22806532
0,22806529,1,17086000383401641255,10003,5,17623573846819452485,0,2,22806528,1,22806533
0,22806530,1,17086000383401641255,10002,2,4941800699662217180,0,1,22806528,1,22806533
0,22806531,1,17086000383401641255,10001,6,17934555311738208515,1,0,22806528,1,22806533
0,22806532,1,17086000383401641255,10009,1,18446744073709551614,6,0,-1,3,22806529,22806530,22806531
0,22806533,1,17086000383401641255,10008,0,0,4,0,-1,0
0,22872064,1,17086000383401641255,10007,0,0,4,0,-1,1,22872068
0,22872065,1,17086000383401641255,10003,5,17623573846819452485,0,2,22872064,1,22872069
0,22872066,1,17086000383401641255,10002,2,4941800699662217180,0,1,22872064,1,22872069
0,22872067,1,17086000383401641255,10001,6,17934555311738208515,1,0,22872064,1,22872069
0,22872068,1,17086000383401641255,10009,1,18446744073709551614,6,0,-1,3,22872065,22872066,22872067
0,22872069,1,17086000383401641255,10008,0,0,4,0,-1,0
0,22937600,1,17086000383401641255,10007,0,0,4,0,-1,1,22937604
0,22937601,1,17086000383401641255,10003,5,17623573846819452485,0,2,22937600,1,22937605
0,22937602,1,17086000383401641255,10002,2,4941800699662217180,0,1,22937600,1,22937605
0,22937603,1,17086000383401641255,10001,6,17934555311738208515,1,0,22937600,1,22937605
0,22937604,1,17086000383401641255,10009,1,18446744073709551614,6,0,-1,3,22937601,22937602,22937603
0,22937605,1,17086000383401641255,10008,0,0,4,0,-1,0
0,23003136,1,17086000383401641255,10007,0,0,4,0,-1,1,23003140
0,23003137,1,17086000383401641255,10003,5,17623573846819452485,0,2,23003136,1,23003141
0,23003138,1,17086000383401641255,10002,2,4941800699662217180,0,1,23003136,1,23003141
0,23003139,1,17086000383401641255,10001,6,17934555311738208515,1,0,23003136,1,23003141
0,23003140,1,17086000383401641255,10009,1,18446744073709551614,6,0,-1,3,23003137,23003138,23003139
0,23003141,1,17086000383401641255,10008,0,0,4,0,-1,0
0,23068672,1,17086000383401641255,10007,0,0,4,0,-1,1,23068676
0,23068673,1,17086000383401641255,10003,5,17623573846819452485,0,2,23068672,1,23068677
0,23068674,1,17086000383401641255,10002,2,4941800699662217180,0,1,23068672,1,23068677
0,23068675,1,17086000383401641255,10001,6,17934555311738208515,1,0,23068672,1,23068677
0,23068676,1,17086000383401641255,10009,1,18446744073709551614,6,0,-1,3,23068673,23068674,23068675
0,23068677,1,17086000383401641255,10008,0,0,4,0,-1,0
0,23134208,1,17086000383401641255,10007,0,0,4,0,-1,1,23134212
0,23134209,1,17086000383401641255,10003,5,17623573846819452485,0,2,23134208,1,23134213
0,23134210,1,17086000383401641255,10002,2,4941800699662217180,0,1,23134208,1,23134213
0,23134211,1,17086000383401641255,10001,6,17934555311738208515,1,0,23134208,1,23134213
0,23134212,1,17086000383401641255,10009,1,18446744073709551614,6,0,-1,3,23134209,23134210,23134211
0,23134213,1,17086000383401641255,10008,0,0,4,0,-1,0
0,23199744,1,17086000383401641255,10007,0,0,4,0,-1,1,23199748
0,23199745,1,17086000383401641255,10003,5,17623573846819452485,0,2,23199744,1,23199749
0,23199746,1,17086000383401641255,10002,2,4941800699662217180,0,1,23199744,1,23199749
0,23199747,1,17086000383401641255,10001,6,17934555311738208515,1,0,23199744,1,23199749
0,23199748,1,17086000383401641255,10009,1,18446744073709551614,6,0,-1,3,23199745,23199746,23199747
0,23199749,1,17086000383401641255,10008,0,0,4,0,-1,0
0,23265280,1,17086000383401641255,10007,0,0,4,0,-1,1,23265284
0,23265281,1,17086000383401641255,10003,5,17623573846819452485,0,2,23265280,1,23265285
0,23265282,1,17086000383401641255,10002,2,4941800699662217180,0,1,23265280,1,23265285
0,23265283,1,17086000383401641255,10001,6,17934555311738208515,1,0,23265280,1,23265285
0,23265284,1,17086000383401641255,10009,1,18446744073709551614,6,0,-1,3,23265281,23265282,23265283
0,23265285,1,17086000383401641255,10008,0,0,4,0,-1,0
0,23330816,1,17086000383401641255,10007,0,0,4,0,-1,1,23330820
0,23330817,1,17086000383401641255,10003,5,17623573846819452485,0,2,23330816,1,23330821
0,23330818,1,17086000383401641255,10002,2,4941800699662217180,0,1,23330816,1,23330821
0,23330819,1,17086000383401641255,10001,6,17934555311738208515,1,0,23330816,1,23330821
0,23330820,1,17086000383401641255,10009,1,18446744073709551614,6,0,-1,3,23330817,23330818,23330819
0,23330821,1,17086000383401641255,10008,0,0,4,0,-1,0
0,23396352,1,17086000383401641255,10007,0,0,4,0,-1,1,23396356
0,23396353,1,17086000383401641255,10003,5,17623573846819452485,0,2,23396352,1,23396357
0,23396354,1,17086000383401641255,10002,2,4941800699662217180,0,1,23396352,1,23396357
0,23396355,1,17086000383401641255,10001,6,17934555311738208515,1,0,23396352,1,23396357
0,23396356,1,17086000383401641255,10009,1,18446744073709551614,6,0,-1,3,23396353,23396354,23396355
0,23396357,1,17086000383401641255,10008,0,0,4,0,-1,0
0,23461888,1,17086000383401641255,10007,0,0,4,0,-1,1,23461892
0,23461889,1,17086000383401641255,10003,5,17623573846819452485,0,2,23461888,1,23461893
0,23461890,1,17086000383401641255,10002,2,4941800699662217180,0,1,23461888,1,23461893
0,23461891,1,17086000383401641255,10001,6,17934555311738208515,1,0,23461888,1,23461893
0,23461892,1,17086000383401641255,10009,1,18446744073709551614,6,0,-1,3,23461889,23461890,23461891
0,23461893,1,17086000383401641255,10008,0,0,4,0,-1,0
0,23527424,1,17086000383401641255,10007,0,0,4,0,-1,1,23527428
0,23527425,1,17086000383401641255,10003,5,17623573846819452485,0,2,23527424,1,23527429
0,23527426,1,17086000383401641255,10002,2,4941800699662217180,0,1,23527424,1,23527429
0,23527427,1,17086000383401641255,10001,6,17934555311738208515,1,0,23527424,1,23527429
0,23527428,1,17086000383401641255,10009,1,18446744073709551614,6,0,-1,3,23527425,23527426,23527427
0,23527429,1,17086000383401641255,10008,0,0,4,0,-1,0
0,23592960,1,17086000383401641255,10007,0,0,4,0,-1,1,23592964
0,23592961,1,17086000383401641255,10003,5,17623573846819452485,0,2,23592960,1,23592965
0,23592962,1,17086000383401641255,10002,2,4941800699662217180,0,1,23592960,1,23592965
0,23592963,1,17086000383401641255,10001,6,17934555311738208515,1,0,23592960,1,23592965
0,23592964,1,17086000383401641255,10009,1,18446744073709551614,6,0,-1,3,23592961,23592962,23592963
0,23592965,1,17086000383401641255,10008,0,0,4,0,-1,0
0,23658496,1,17086000383401641255,10007,0,0,4,0,-1,1,23658500
0,23658497,1,17086000383401641255,10003,5,17623573846819452485,0,2,23658496,1,23658501
0,23658498,1,17086000383401641255,10002,2,4941800699662217180,0,1,23658496,1,23658501
0,23658499,1,17086000383401641255,10001,6,17934555311738208515,1,0,23658496,1,23658501
0,23658500,1,17086000383401641255,10009,1,18446744073709551614,6,0,-1,3,23658497,23658498,23658499
0,23658501,1,17086000383401641255,10008,0,0,4,0,-1,0
0,23724032,1,17086000383401641255,10007,0,0,4,0,-1,1,23724036
0,23724033,1,17086000383401641255,10003,5,17623573846819452485,0,2,23724032,1,23724037
0,23724034,1,17086000383401641255,10002,2,4941800699662217180,0,1,23724032,1,23724037
0,23724035,1,17086000383401641255,10001,6,17934555311738208515,1,0,23724032,1,23724037
0,23724036,1,17086000383401641255,10009,1,18446744073709551614,6,0,-1,3,23724033,23724034,23724035
0,23724037,1,17086000383401641255,10008,0,0,4,0,-1,0
0,23789568,1,17086000383401641255,10007,0,0,4,0,-1,1,23789572
0,23789569,1,17086000383401641255,10003,5,17623573846819452485,0,2,23789568,1,23789573
0,23789570,1,17086000383401641255,10002,2,4941800699662217180,0,1,23789568,1,23789573
0,23789571,1,17086000383401641255,10001,6,17934555311738208515,1,0,23789568,1,23789573
0,23789572,1,17086000383401641255,10009,1,18446744073709551614,6,0,-1,3,23789569,23789570,23789571
0,23789573,1,17086000383401641255,10008,0,0,4,0,-1,0
0,23855104,1,17086000383401641255,10007,0,0,4,0,-1,1,23855108
0,23855105,1,17086000383401641255,10003,5,17623573846819452485,0,2,23855104,1,23855109
0,23855106,1,17086000383401641255,10002,2,4941800699662217180,0,1,23855104,1,23855109
0,23855107,1,17086000383401641255,10001,6,17934555311738208515,1,0,23855104,1,23855109
0,23855108,1,17086000383401641255,10009,1,18446744073709551614,6,0,-1,3,23855105,23855106,23855107
0,23855109,1,17086000383401641255,10008,0,0,4,0,-1,0
0,23920640,1,17086000383401641255,10007,0,0,4,0,-1,1,23920644
0,23920641,1,17086000383401641255,10003,5,17623573846819452485,0,2,23920640,1,23920645
0,23920642,1,17086000383401641255,10002,2,4941800699662217180,0,1,23920640,1,23920645
0,23920643,1,17086000383401641255,10001,6,17934555311738208515,1,0,23920640,1,23920645
0,23920644,1,17086000383401641255,10009,1,18446744073709551614,6,0,-1,3,23920641,23920642,23920643
0,23920645,1,17086000383401641255,10008,0,0,4,0,-1,0
0,23986176,1,17086000383401641255,10007,0,0,4,0,-1,1,23986180
0,23986177,1,17086000383401641255,10003,5,17623573846819452485,0,2,23986176,1,23986181
0,23986178,1,17086000383401641255,10002,2,4941800699662217180,0,1,23986176,1,23986181
0,23986179,1,17086000383401641255,10001,6,17934555311738208515,1,0,23986176,1,23986181
0,23986180,1,17086000383401641255,10009,1,18446744073709551614,6,0,-1,3,23986177,23986178,23986179
0,23986181,1,17086000383401641255,10008,0,0,4,0,-1,0
0,24051712,1,17086000383401641255,10007,0,0,4,0,-1,1,24051716
0,24051713,1,17086000383401641255,10003,5,17623573846819452485,0,2,24051712,1,24051717
0,24051714,1,17086000383401641255,10002,2,4941800699662217180,0,1,24051712,1,24051717
0,24051715,1,17086000383401641255,10001,6,17934555311738208515,1,0,24051712,1,24051717
0,24051716,1,17086000383401641255,10009,1,18446744073709551614,6,0,-1,3,24051713,24051714,24051715
0,24051717,1,17086000383401641255,10008,0,0,4,0,-1,0
0,24117248,1,17086000383401641255,10007,0,0,4,0,-1,1,24117252
0,24117249,1,17086000383401641255,10003,5,17623573846819452485,0,2,24117248,1,24117253
0,24117250,1,17086000383401641255,10002,2,4941800699662217180,0,1,24117248,1,24117253
0,24117251,1,17086000383401641255,10001,6,17934555311738208515,1,0,24117248,1,24117253
0,24117252,1,17086000383401641255,10009,1,18446744073709551614,6,0,-1,3,24117249,24117250,24117251
0,24117253,1,17086000383401641255,10008,0,0,4,0,-1,0
0,24182784,1,17086000383401641255,10007,0,0,4,0,-1,1,24182788
0,24182785,1,17086000383401641255,10003,5,17623573846819452485,0,2,24182784,1,24182789
0,24182786,1,17086000383401641255,10002,2,4941800699662217180,0,1,24182784,1,24182789
0,24182787,1,17086000383401641255,10001,6,17934555311738208515,1,0,24182784,1,24182789
0,24182788,1,17086000383401641255,10009,1,18446744073709551614,6,0,-1,3,24182785,24182786,24182787
0,24182789,1,17086000383401641255,10008,0,0,4,0,-1,0
0,24248320,1,17086000383401641255,10007,0,0,4,0,-1,1,24248324
0,24248321,1,17086000383401641255,10003,5,17623573846819452485,0,2,24248320,1,24248325
0,24248322,1,17086000383401641255,10002,2,4941800699662217180,0,1,24248320,1,24248325
0,24248323,1,17086000383401641255,10001,6,17934555311738208515,1,0,24248320,1,24248325
0,24248324,1,17086000383401641255,10009,1,18446744073709551614,6,0,-1,3,24248321,24248322,24248323
0,24248325,1,17086000383401641255,10008,0,0,4,0,-1,0
0,24313856,1,17086000383401641255,10007,0,0,4,0,-1,1,24313860
0,24313857,1,17086000383401641255,10003,5,17623573846819452485,0,2,24313856,1,24313861
0,24313858,1,17086000383401641255,10002,2,4941800699662217180,0,1,24313856,1,24313861
0,24313859,1,17086000383401641255,10001,6,17934555311738208515,1,0,24313856,1,24313861
0,24313860,1,17086000383401641255,10009,1,18446744073709551614,6,0,-1,3,24313857,24313858,24313859
0,24313861,1,17086000383401641255,10008,0,0,4,0,-1,0
0,24379392,1,17086000383401641255,10007,0,0,4,0,-1,1,24379396
0,24379393,1,17086000383401641255,10003,5,17623573846819452485,0,2,24379392,1,24379397
0,24379394,1,17086000383401641255,10002,2,4941800699662217180,0,1,24379392,1,24379397
0,24379395,1,17086000383401641255,10001,6,17934555311738208515,1,0,24379392,1,24379397
0,24379396,1,17086000383401641255,10009,1,18446744073709551614,6,0,-1,3,24379393,24379394,24379395
0,24379397,1,17086000383401641255,10008,0,0,4,0,-1,0
0,24444928,1,17086000383401641255,10007,0,0,4,0,-1,1,24444932
0,24444929,1,17086000383401641255,10003,5,17623573846819452485,0,2,24444928,1,24444933
0,24444930,1,17086000383401641255,10002,2,4941800699662217180,0,1,24444928,1,24444933
0,24444931,1,17086000383401641255,10001,6,17934555311738208515,1,0,24444928,1,24444933
0,24444932,1,17086000383401641255,10009,1,18446744073709551614,6,0,-1,3,24444929,24444930,24444931
0,24444933,1,17086000383401641255,10008,0,0,4,0,-1,0
0,24510464,1,17086000383401641255,10007,0,0,4,0,-1,1,24510468
0,24510465,1,17086000383401641255,10003,5,17623573846819452485,0,2,24510464,1,24510469
0,24510466,1,17086000383401641255,10002,2,4941800699662217180,0,1,24510464,1,24510469
0,24510467,1,17086000383401641255,10001,6,17934555311738208515,1,0,24510464,1,24510469
0,24510468,1,17086000383401641255,10009,1,18446744073709551614,6,0,-1,3,24510465,24510466,24510467
0,24510469,1,17086000383401641255,10008,0,0,4,0,-1,0
0,24576000,1,17086000383401641255,10007,0,0,4,0,-1,1,24576004
0,24576001,1,17086000383401641255,10003,5,17623573846819452485,0,2,24576000,1,24576005
0,24576002,1,17086000383401641255,10002,2,4941800699662217180,0,1,24576000,1,24576005
0,24576003,1,17086000383401641255,10001,6,17934555311738208515,1,0,24576000,1,24576005
0,24576004,1,17086000383401641255,10009,1,18446744073709551614,6,0,-1,3,24576001,24576002,24576003
0,24576005,1,17086000383401641255,10008,0,0,4,0,-1,0
0,24641536,1,17086000383401641255,10007,0,0,4,0,-1,1,24641540
0,24641537,1,17086000383401641255,10003,5,17623573846819452485,0,2,24641536,1,24641541
0,24641538,1,17086000383401641255,10002,2,4941800699662217180,0,1,24641536,1,24641541
0,24641539,1,17086000383401641255,10001,6,17934555311738208515,1,0,24641536,1,24641541
0,24641540,1,17086000383401641255,10009,1,18446744073709551614,6,0,-1,3,24641537,24641538,24641539
0,24641541,1,17086000383401641255,10008,0,0,4,0,-1,0
0,24707072,1,17086000383401641255,10007,0,0,4,0,-1,1,24707076
0,24707073,1,17086000383401641255,10003,5,17623573846819452485,0,2,24707072,1,24707077
0,24707074,1,17086000383401641255,10002,2,4941800699662217180,0,1,24707072,1,24707077
0,24707075,1,17086000383401641255,10001,6,17934555311738208515,1,0,24707072,1,24707077
0,24707076,1,17086000383401641255,10009,1,18446744073709551614,6,0,-1,3,24707073,24707074,24707075
0,24707077,1,17086000383401641255,10008,0,0,4,0,-1,0
0,24772608,1,17086000383401641255,10007,0,0,4,0,-1,1,24772612
0,24772609,1,17086000383401641255,10003,5,17623573846819452485,0,2,24772608,1,24772613
0,24772610,1,17086000383401641255,10002,2,4941800699662217180,0,1,24772608,1,24772613
0,24772611,1,17086000383401641255,10001,6,17934555311738208515,1,0,24772608,1,24772613
0,24772612,1,17086000383401641255,10009,1,18446744073709551614,6,0,-1,3,24772609,24772610,24772611
0,24772613,1,17086000383401641255,10008,0,0,4,0,-1,0
0,24838144,1,17086000383401641255,10007,0,0,4,0,-1,1,24838148
0,24838145,1,17086000383401641255,10003,5,17623573846819452485,0,2,24838144,1,24838149
0,24838146,1,17086000383401641255,10002,2,4941800699662217180,0,1,24838144,1,24838149
0,24838147,1,17086000383401641255,10001,6,17934555311738208515,1,0,24838144,1,24838149
0,24838148,1,17086000383401641255,10009,1,18446744073709551614,6,0,-1,3,24838145,24838146,24838147
0,24838149,1,17086000383401641255,10008,0,0,4,0,-1,0
0,24903680,1,17086000383401641255,10007,0,0,4,0,-1,1,24903684
0,24903681,1,17086000383401641255,10003,5,17623573846819452485,0,2,24903680,1,24903685
0,24903682,1,17086000383401641255,10002,2,4941800699662217180,0,1,24903680,1,24903685
0,24903683,1,17086000383401641255,10001,6,17934555311738208515,1,0,24903680,1,24903685
0,24903684,1,17086000383401641255,10009,1,18446744073709551614,6,0,-1,3,24903681,24903682,24903683
0,24903685,1,17086000383401641255,10008,0,0,4,0,-1,0
0,24969216,1,17086000383401641255,10007,0,0,4,0,-1,1,24969220
0,24969217,1,17086000383401641255,10003,5,17623573846819452485,0,2,24969216,1,24969221
0,24969218,1,17086000383401641255,10002,2,4941800699662217180,0,1,24969216,1,24969221
0,24969219,1,17086000383401641255,10001,6,17934555311738208515,1,0,24969216,1,24969221
0,24969220,1,17086000383401641255,10009,1,18446744073709551614,6,0,-1,3,24969217,24969218,24969219
0,24969221,1,17086000383401641255,10008,0,0,4,0,-1,0
0,25034752,1,17086000383401641255,10007,0,0,4,0,-1,1,25034756
0,25034753,1,17086000383401641255,10003,5,17623573846819452485,0,2,25034752,1,25034757
0,25034754,1,17086000383401641255,10002,2,4941800699662217180,0,1,25034752,1,25034757
0,25034755,1,17086000383401641255,10001,6,17934555311738208515,1,0,25034752,1,25034757
0,25034756,1,17086000383401641255,10009,1,18446744073709551614,6,0,-1,3,25034753,25034754,25034755
0,25034757,1,17086000383401641255,10008,0,0,4,0,-1,0
0,25100288,1,17086000383401641255,10007,0,0,4,0,-1,1,25100292
0,25100289,1,17086000383401641255,10003,5,17623573846819452485,0,2,25100288,1,25100293
0,25100290,1,17086000383401641255,10002,2,4941800699662217180,0,1,25100288,1,25100293
0,25100291,1,17086000383401641255,10001,6,17934555311738208515,1,0,25100288,1,25100293
0,25100292,1,17086000383401641255,10009,1,18446744073709551614,6,0,-1,3,25100289,25100290,25100291
0,25100293,1,17086000383401641255,10008,0,0,4,0,-1,0
0,25165824,1,17086000383401641255,10007,0,0,4,0,-1,1,25165828
0,25165825,1,17086000383401641255,10003,5,17623573846819452485,0,2,25165824,1,25165829
0,25165826,1,17086000383401641255,10002,2,4941800699662217180,0,1,25165824,1,25165829
0,25165827,1,17086000383401641255,10001,6,17934555311738208515,1,0,25165824,1,25165829
0,25165828,1,17086000383401641255,10009,1,18446744073709551614,6,0,-1,3,25165825,25165826,25165827
0,25165829,1,17086000383401641255,10008,0,0,4,0,-1,0
0,25231360,1,17086000383401641255,10007,0,0,4,0,-1,1,25231364
0,25231361,1,17086000383401641255,10003,5,17623573846819452485,0,2,25231360,1,25231365
0,25231362,1,17086000383401641255,10002,2,4941800699662217180,0,1,25231360,1,25231365
0,25231363,1,17086000383401641255,10001,6,17934555311738208515,1,0,25231360,1,25231365
0,25231364,1,17086000383401641255,10009,1,18446744073709551614,6,0,-1,3,25231361,25231362,25231363
0,25231365,1,17086000383401641255,10008,0,0,4,0,-1,0
0,25296896,1,17086000383401641255,10007,0,0,4,0,-1,1,25296900
0,25296897,1,17086000383401641255,10003,5,17623573846819452485,0,2,25296896,1,25296901
0,25296898,1,17086000383401641255,10002,2,4941800699662217180,0,1,25296896,1,25296901
0,25296899,1,17086000383401641255,10001,6,17934555311738208515,1,0,25296896,1,25296901
0,25296900,1,17086000383401641255,10009,1,18446744073709551614,6,0,-1,3,25296897,25296898,25296899
0,25296901,1,17086000383401641255,10008,0,0,4,0,-1,0
0,25362432,1,17086000383401641255,10007,0,0,4,0,-1,1,25362436
0,25362433,1,17086000383401641255,10003,5,17623573846819452485,0,2,25362432,1,25362437
0,25362434,1,17086000383401641255,10002,2,4941800699662217180,0,1,25362432,1,25362437
0,25362435,1,17086000383401641255,10001,6,17934555311738208515,1,0,25362432,1,25362437
0,25362436,1,17086000383401641255,10009,1,18446744073709551614,6,0,-1,3,25362433,25362434,25362435
0,25362437,1,17086000383401641255,10008,0,0,4,0,-1,0
0,25427968,1,17086000383401641255,10007,0,0,4,0,-1,1,25427972
0,25427969,1,17086000383401641255,10003,5,17623573846819452485,0,2,25427968,1,25427973
0,25427970,1,17086000383401641255,10002,2,4941800699662217180,0,1,25427968,1,25427973
0,25427971,1,17086000383401641255,10001,6,17934555311738208515,1,0,25427968,1,25427973
0,25427972,1,17086000383401641255,10009,1,18446744073709551614,6,0,-1,3,25427969,25427970,25427971
0,25427973,1,17086000383401641255,10008,0,0,4,0,-1,0
0,25493504,1,17086000383401641255,10007,0,0,4,0,-1,1,25493508
0,25493505,1,17086000383401641255,10003,5,17623573846819452485,0,2,25493504,1,25493509
0,25493506,1,17086000383401641255,10002,2,4941800699662217180,0,1,25493504,1,25493509
0,25493507,1,17086000383401641255,10001,6,17934555311738208515,1,0,25493504,1,25493509
0,25493508,1,17086000383401641255,10009,1,18446744073709551614,6,0,-1,3,25493505,25493506,25493507
0,25493509,1,17086000383401641255,10008,0,0,4,0,-1,0
0,25559040,1,17086000383401641255,10007,0,0,4,0,-1,1,25559044
0,25559041,1,17086000383401641255,10003,5,17623573846819452485,0,2,25559040,1,25559045
0,25559042,1,17086000383401641255,10002,2,4941800699662217180,0,1,25559040,1,25559045
0,25559043,1,17086000383401641255,10001,6,17934555311738208515,1,0,25559040,1,25559045
0,25559044,1,17086000383401641255,10009,1,18446744073709551614,6,0,-1,3,25559041,25559042,25559043
0,25559045,1,17086000383401641255,10008,0,0,4,0,-1,0
0,25624576,1,17086000383401641255,10007,0,0,4,0,-1,1,25624580
0,25624577,1,17086000383401641255,10003,5,17623573846819452485,0,2,25624576,1,25624581
0,25624578,1,17086000383401641255,10002,2,4941800699662217180,0,1,25624576,1,25624581
0,25624579,1,17086000383401641255,10001,6,17934555311738208515,1,0,25624576,1,25624581
0,25624580,1,17086000383401641255,10009,1,18446744073709551614,6,0,-1,3,25624577,25624578,25624579
0,25624581,1,17086000383401641255,10008,0,0,4,0,-1,0
0,25690112,1,17086000383401641255,10007,0,0,4,0,-1,1,25690116
0,25690113,1,17086000383401641255,10003,5,17623573846819452485,0,2,25690112,1,25690117
0,25690114,1,17086000383401641255,10002,2,4941800699662217180,0,1,25690112,1,25690117
0,25690115,1,17086000383401641255,10001,6,17934555311738208515,1,0,25690112,1,25690117
0,25690116,1,17086000383401641255,10009,1,18446744073709551614,6,0,-1,3,25690113,25690114,25690115
0,25690117,1,17086000383401641255,10008,0,0,4,0,-1,0
0,25755648,1,17086000383401641255,10007,0,0,4,0,-1,1,25755652
0,25755649,1,17086000383401641255,10003,5,17623573846819452485,0,2,25755648,1,25755653
0,25755650,1,17086000383401641255,10002,2,4941800699662217180,0,1,25755648,1,25755653
0,25755651,1,17086000383401641255,10001,6,17934555311738208515,1,0,25755648,1,25755653
0,25755652,1,17086000383401641255,10009,1,18446744073709551614,6,0,-1,3,25755649,25755650,25755651
0,25755653,1,17086000383401641255,10008,0,0,4,0,-1,0
0,25821184,1,17086000383401641255,10007,0,0,4,0,-1,1,25821188
0,25821185,1,17086000383401641255,10003,5,17623573846819452485,0,2,25821184,1,25821189
0,25821186,1,17086000383401641255,10002,2,4941800699662217180,0,1,25821184,1,25821189
0,25821187,1,17086000383401641255,10001,6,17934555311738208515,1,0,25821184,1,25821189
0,25821188,1,17086000383401641255,10009,1,18446744073709551614,6,0,-1,3,25821185,25821186,25821187
0,25821189,1,17086000383401641255,10008,0,0,4,0,-1,0
0,25886720,1,17086000383401641255,10007,0,0,4,0,-1,1,25886724
0,25886721,1,17086000383401641255,10003,5,17623573846819452485,0,2,25886720,1,25886725
0,25886722,1,17086000383401641255,10002,2,4941800699662217180,0,1,25886720,1,25886725
0,25886723,1,17086000383401641255,10001,6,17934555311738208515,1,0,25886720,1,25886725
0,25886724,1,17086000383401641255,10009,1,18446744073709551614,6,0,-1,3,25886721,25886722,25886723
0,25886725,1,17086000383401641255,10008,0,0,4,0,-1,0
0,25952256,1,17086000383401641255,10007,0,0,4,0,-1,1,25952260
0,25952257,1,17086000383401641255,10003,5,17623573846819452485,0,2,25952256,1,25952261
0,25952258,1,17086000383401641255,10002,2,4941800699662217180,0,1,25952256,1,25952261
0,25952259,1,17086000383401641255,10001,6,17934555311738208515,1,0,25952256,1,25952261
0,25952260,1,17086000383401641255,10009,1,18446744073709551614,6,0,-1,3,25952257,25952258,25952259
0,25952261,1,17086000383401641255,10008,0,0,4,0,-1,0
0,26017792,1,17086000383401641255,10007,0,0,4,0,-1,1,26017796
0,26017793,1,17086000383401641255,10003,5,17623573846819452485,0,2,26017792,1,26017797
0,26017794,1,17086000383401641255,10002,2,4941800699662217180,0,1,26017792,1,26017797
0,26017795,1,17086000383401641255,10001,6,17934555311738208515,1,0,26017792,1,26017797
0,26017796,1,17086000383401641255,10009,1,18446744073709551614,6,0,-1,3,26017793,26017794,26017795
0,26017797,1,17086000383401641255,10008,0,0,4,0,-1,0
0,26083328,1,17086000383401641255,10007,0,0,4,0,-1,1,26083332
0,26083329,1,17086000383401641255,10003,5,17623573846819452485,0,2,26083328,1,26083333
0,26083330,1,17086000383401641255,10002,2,4941800699662217180,0,1,26083328,1,26083333
0,26083331,1,17086000383401641255,10001,6,17934555311738208515,1,0,26083328,1,26083333
0,26083332,1,17086000383401641255,10009,1,18446744073709551614,6,0,-1,3,26083329,26083330,26083331
0,26083333,1,17086000383401641255,10008,0,0,4,0,-1,0
0,26148864,1,17086000383401641255,10007,0,0,4,0,-1,1,26148868
0,26148865,1,17086000383401641255,10003,5,17623573846819452485,0,2,26148864,1,26148869
0,26148866,1,17086000383401641255,10002,2,4941800699662217180,0,1,26148864,1,26148869
0,26148867,1,17086000383401641255,10001,6,17934555311738208515,1,0,26148864,1,26148869
0,26148868,1,17086000383401641255,10009,1,18446744073709551614,6,0,-1,3,26148865,26148866,26148867
0,26148869,1,17086000383401641255,10008,0,0,4,0,-1,0
0,26214400,1,17086000383401641255,10007,0,0,4,0,-1,1,26214404
0,26214401,1,17086000383401641255,10003,5,17623573846819452485,0,2,26214400,1,26214405
0,26214402,1,17086000383401641255,10002,2,4941800699662217180,0,1,26214400,1,26214405
0,26214403,1,17086000383401641255,10001,6,17934555311738208515,1,0,26214400,1,26214405
0,26214404,1,17086000383401641255,10009,1,18446744073709551614,6,0,-1,3,26214401,26214402,26214403
0,26214405,1,17086000383401641255,10008,0,0,4,0,-1,0
0,26279936,1,17086000383401641255,10007,0,0,4,0,-1,1,26279940
0,26279937,1,17086000383401641255,10003,5,17623573846819452485,0,2,26279936,1,26279941
0,26279938,1,17086000383401641255,10002,2,4941800699662217180,0,1,26279936,1,26279941
0,26279939,1,17086000383401641255,10001,6,17934555311738208515,1,0,26279936,1,26279941
0,26279940,1,17086000383401641255,10009,1,18446744073709551614,6,0,-1,3,26279937,26279938,26279939
0,26279941,1,17086000383401641255,10008,0,0,4,0,-1,0
0,26345472,1,17086000383401641255,10007,0,0,4,0,-1,1,26345476
0,26345473,1,17086000383401641255,10003,5,17623573846819452485,0,2,26345472,1,26345477
0,26345474,1,17086000383401641255,10002,2,4941800699662217180,0,1,26345472,1,26345477
0,26345475,1,17086000383401641255,10001,6,17934555311738208515,1,0,26345472,1,26345477
0,26345476,1,17086000383401641255,10009,1,18446744073709551614,6,0,-1,3,26345473,26345474,26345475
0,26345477,1,17086000383401641255,10008,0,0,4,0,-1,0
0,26411008,1,17086000383401641255,10007,0,0,4,0,-1,1,26411012
0,26411009,1,17086000383401641255,10003,5,17623573846819452485,0,2,26411008,1,26411013
0,26411010,1,17086000383401641255,10002,2,4941800699662217180,0,1,26411008,1,26411013
0,26411011,1,17086000383401641255,10001,6,17934555311738208515,1,0,26411008,1,26411013
0,26411012,1,17086000383401641255,10009,1,18446744073709551614,6,0,-1,3,26411009,26411010,26411011
0,26411013,1,17086000383401641255,10008,0,0,4,0,-1,0
0,26476544,1,17086000383401641255,10007,0,0,4,0,-1,1,26476548
0,26476545,1,17086000383401641255,10003,5,17623573846819452485,0,2,26476544,1,26476549
0,26476546,1,17086000383401641255,10002,2,4941800699662217180,0,1,26476544,1,26476549
0,26476547,1,17086000383401641255,10001,6,17934555311738208515,1,0,26476544,1,26476549
0,26476548,1,17086000383401641255,10009,1,18446744073709551614,6,0,-1,3,26476545,26476546,26476547
0,26476549,1,17086000383401641255,10008,0,0,4,0,-1,0
0,26542080,1,17086000383401641255,10007,0,0,4,0,-1,1,26542084
0,26542081,1,17086000383401641255,10003,5,17623573846819452485,0,2,26542080,1,26542085
0,26542082,1,17086000383401641255,10002,2,4941800699662217180,0,1,26542080,1,26542085
0,26542083,1,17086000383401641255,10001,6,17934555311738208515,1,0,26542080,1,26542085
0,26542084,1,17086000383401641255,10009,1,18446744073709551614,6,0,-1,3,26542081,26542082,26542083
0,26542085,1,17086000383401641255,10008,0,0,4,0,-1,0
0,26607616,1,17086000383401641255,10007,0,0,4,0,-1,1,26607620
0,26607617,1,17086000383401641255,10003,5,17623573846819452485,0,2,26607616,1,26607621
0,26607618,1,17086000383401641255,10002,2,4941800699662217180,0,1,26607616,1,26607621
0,26607619,1,17086000383401641255,10001,6,17934555311738208515,1,0,26607616,1,26607621
0,26607620,1,17086000383401641255,10009,1,18446744073709551614,6,0,-1,3,26607617,26607618,26607619
0,26607621,1,17086000383401641255,10008,0,0,4,0,-1,0
0,26673152,1,17086000383401641255,10007,0,0,4,0,-1,1,26673156
0,26673153,1,17086000383401641255,10003,5,17623573846819452485,0,2,26673152,1,26673157
0,26673154,1,17086000383401641255,10002,2,4941800699662217180,0,1,26673152,1,26673157
0,26673155,1,17086000383401641255,10001,6,17934555311738208515,1,0,26673152,1,26673157
0,26673156,1,17086000383401641255,10009,1,18446744073709551614,6,0,-1,3,26673153,26673154,26673155
0,26673157,1,17086000383401641255,10008,0,0,4,0,-1,0
0,26738688,1,17086000383401641255,10007,0,0,4,0,-1,1,26738692
0,26738689,1,17086000383401641255,10003,5,17623573846819452485,0,2,26738688,1,26738693
0,26738690,1,17086000383401641255,10002,2,4941800699662217180,0,1,26738688,1,26738693
0,26738691,1,17086000383401641255,10001,6,17934555311738208515,1,0,26738688,1,26738693
0,26738692,1,17086000383401641255,10009,1,18446744073709551614,6,0,-1,3,26738689,26738690,26738691
0,26738693,1,17086000383401641255,10008,0,0,4,0,-1,0
0,26804224,1,17086000383401641255,10007,0,0,4,0,-1,1,26804228
0,26804225,1,17086000383401641255,10003,5,17623573846819452485,0,2,26804224,1,26804229
0,26804226,1,17086000383401641255,10002,2,4941800699662217180,0,1,26804224,1,26804229
0,26804227,1,17086000383401641255,10001,6,17934555311738208515,1,0,26804224,1,26804229
0,26804228,1,17086000383401641255,10009,1,18446744073709551614,6,0,-1,3,26804225,26804226,26804227
0,26804229,1,17086000383401641255,10008,0,0,4,0,-1,0
0,26869760,1,17086000383401641255,10007,0,0,4,0,-1,1,26869764
0,26869761,1,17086000383401641255,10003,5,17623573846819452485,0,2,26869760,1,26869765
0,26869762,1,17086000383401641255,10002,2,4941800699662217180,0,1,26869760,1,26869765
0,26869763,1,17086000383401641255,10001,6,17934555311738208515,1,0,26869760,1,26869765
0,26869764,1,17086000383401641255,10009,1,18446744073709551614,6,0,-1,3,26869761,26869762,26869763
0,26869765,1,17086000383401641255,10008,0,0,4,0,-1,0
0,26935296,1,17086000383401641255,10007,0,0,4,0,-1,1,26935300
0,26935297,1,17086000383401641255,10003,5,17623573846819452485,0,2,26935296,1,26935301
0,26935298,1,17086000383401641255,10002,2,4941800699662217180,0,1,26935296,1,26935301
0,26935299,1,17086000383401641255,10001,6,17934555311738208515,1,0,26935296,1,26935301
0,26935300,1,17086000383401641255,10009,1,18446744073709551614,6,0,-1,3,26935297,26935298,26935299
0,26935301,1,17086000383401641255,10008,0,0,4,0,-1,0
0,27000832,1,17086000383401641255,10007,0,0,4,0,-1,1,27000836
0,27000833,1,17086000383401641255,10003,5,17623573846819452485,0,2,27000832,1,27000837
0,27000834,1,17086000383401641255,10002,2,4941800699662217180,0,1,27000832,1,27000837
0,27000835,1,17086000383401641255,10001,6,17934555311738208515,1,0,27000832,1,27000837
0,27000836,1,17086000383401641255,10009,1,18446744073709551614,6,0,-1,3,27000833,27000834,27000835
0,27000837,1,17086000383401641255,10008,0,0,4,0,-1,0
0,27066368,1,17086000383401641255,10007,0,0,4,0,-1,1,27066372
0,27066369,1,17086000383401641255,10003,5,17623573846819452485,0,2,27066368,1,27066373
0,27066370,1,17086000383401641255,10002,2,4941800699662217180,0,1,27066368,1,27066373
0,27066371,1,17086000383401641255,10001,6,17934555311738208515,1,0,27066368,1,27066373
0,27066372,1,17086000383401641255,10009,1,18446744073709551614,6,0,-1,3,27066369,27066370,27066371
0,27066373,1,17086000383401641255,10008,0,0,4,0,-1,0
0,27131904,1,17086000383401641255,10007,0,0,4,0,-1,1,27131908
0,27131905,1,17086000383401641255,10003,5,17623573846819452485,0,2,27131904,1,27131909
0,27131906,1,17086000383401641255,10002,2,4941800699662217180,0,1,27131904,1,27131909
0,27131907,1,17086000383401641255,10001,6,17934555311738208515,1,0,27131904,1,27131909
0,27131908,1,17086000383401641255,10009,1,18446744073709551614,6,0,-1,3,27131905,27131906,27131907
0,27131909,1,17086000383401641255,10008,0,0,4,0,-1,0
0,27197440,1,17086000383401641255,10007,0,0,4,0,-1,1,27197444
0,27197441,1,17086000383401641255,10003,5,17623573846819452485,0,2,27197440,1,27197445
0,27197442,1,17086000383401641255,10002,2,4941800699662217180,0,1,27197440,1,27197445
0,27197443,1,17086000383401641255,10001,6,17934555311738208515,1,0,27197440,1,27197445
0,27197444,1,17086000383401641255,10009,1,18446744073709551614,6,0,-1,3,27197441,27197442,27197443
0,27197445,1,17086000383401641255,10008,0,0,4,0,-1,0
0,27262976,1,17086000383401641255,10007,0,0,4,0,-1,1,27262980
0,27262977,1,17086000383401641255,10003,5,17623573846819452485,0,2,27262976,1,27262981
0,27262978,1,17086000383401641255,10002,2,4941800699662217180,0,1,27262976,1,27262981
0,27262979,1,17086000383401641255,10001,6,17934555311738208515,1,0,27262976,1,27262981
0,27262980,1,17086000383401641255,10009,1,18446744073709551614,6,0,-1,3,27262977,27262978,27262979
0,27262981,1,17086000383401641255,10008,0,0,4,0,-1,0
0,27328512,1,17086000383401641255,10007,0,0,4,0,-1,1,27328516
0,27328513,1,17086000383401641255,10003,5,17623573846819452485,0,2,27328512,1,27328517
0,27328514,1,17086000383401641255,10002,2,4941800699662217180,0,1,27328512,1,27328517
0,27328515,1,17086000383401641255,10001,6,17934555311738208515,1,0,27328512,1,27328517
0,27328516,1,17086000383401641255,10009,1,18446744073709551614,6,0,-1,3,27328513,27328514,27328515
0,27328517,1,17086000383401641255,10008,0,0,4,0,-1,0
0,27394048,1,17086000383401641255,10007,0,0,4,0,-1,1,27394052
0,27394049,1,17086000383401641255,10003,5,17623573846819452485,0,2,27394048,1,27394053
0,27394050,1,17086000383401641255,10002,2,4941800699662217180,0,1,27394048,1,27394053
0,27394051,1,17086000383401641255,10001,6,17934555311738208515,1,0,27394048,1,27394053
0,27394052,1,17086000383401641255,10009,1,18446744073709551614,6,0,-1,3,27394049,27394050,27394051
0,27394053,1,17086000383401641255,10008,0,0,4,0,-1,0
0,27459584,1,17086000383401641255,10007,0,0,4,0,-1,1,27459588
0,27459585,1,17086000383401641255,10003,5,17623573846819452485,0,2,27459584,1,27459589
0,27459586,1,17086000383401641255,10002,2,4941800699662217180,0,1,27459584,1,27459589
0,27459587,1,17086000383401641255,10001,6,17934555311738208515,1,0,27459584,1,27459589
0,27459588,1,17086000383401641255,10009,1,18446744073709551614,6,0,-1,3,27459585,27459586,27459587
0,27459589,1,17086000383401641255,10008,0,0,4,0,-1,0
0,27525120,1,17086000383401641255,10007,0,0,4,0,-1,1,27525124
0,27525121,1,17086000383401641255,10003,5,17623573846819452485,0,2,27525120,1,27525125
0,27525122,1,17086000383401641255,10002,2,4941800699662217180,0,1,27525120,1,27525125
0,27525123,1,17086000383401641255,10001,6,17934555311738208515,1,0,27525120,1,27525125
0,27525124,1,17086000383401641255,10009,1,18446744073709551614,6,0,-1,3,27525121,27525122,27525123
0,27525125,1,17086000383401641255,10008,0,0,4,0,-1,0
0,27590656,1,17086000383401641255,10007,0,0,4,0,-1,1,27590660
0,27590657,1,17086000383401641255,10003,5,17623573846819452485,0,2,27590656,1,27590661
0,27590658,1,17086000383401641255,10002,2,4941800699662217180,0,1,27590656,1,27590661
0,27590659,1,17086000383401641255,10001,6,17934555311738208515,1,0,27590656,1,27590661
0,27590660,1,17086000383401641255,10009,1,18446744073709551614,6,0,-1,3,27590657,27590658,27590659
0,27590661,1,17086000383401641255,10008,0,0,4,0,-1,0
0,27656192,1,17086000383401641255,10007,0,0,4,0,-1,1,27656196
0,27656193,1,17086000383401641255,10003,5,17623573846819452485,0,2,27656192,1,27656197
0,27656194,1,17086000383401641255,10002,2,4941800699662217180,0,1,27656192,1,27656197
0,27656195,1,17086000383401641255,10001,6,17934555311738208515,1,0,27656192,1,27656197
0,27656196,1,17086000383401641255,10009,1,18446744073709551614,6,0,-1,3,27656193,27656194,27656195
0,27656197,1,17086000383401641255,10008,0,0,4,0,-1,0
0,27721728,1,17086000383401641255,10007,0,0,4,0,-1,1,27721732
0,27721729,1,17086000383401641255,10003,5,17623573846819452485,0,2,27721728,1,27721733
0,27721730,1,17086000383401641255,10002,2,4941800699662217180,0,1,27721728,1,27721733
0,27721731,1,17086000383401641255,10001,6,17934555311738208515,1,0,27721728,1,27721733
0,27721732,1,17086000383401641255,10009,1,18446744073709551614,6,0,-1,3,27721729,27721730,27721731
0,27721733,1,17086000383401641255,10008,0,0,4,0,-1,0
0,27787264,1,17086000383401641255,10007,0,0,4,0,-1,1,27787268
0,27787265,1,17086000383401641255,10003,5,17623573846819452485,0,2,27787264,1,27787269
0,27787266,1,17086000383401641255,10002,2,4941800699662217180,0,1,27787264,1,27787269
0,27787267,1,17086000383401641255,10001,6,17934555311738208515,1,0,27787264,1,27787269
0,27787268,1,17086000383401641255,10009,1,18446744073709551614,6,0,-1,3,27787265,27787266,27787267
0,27787269,1,17086000383401641255,10008,0,0,4,0,-1,0
0,27852800,1,17086000383401641255,10007,0,0,4,0,-1,1,27852804
0,27852801,1,17086000383401641255,10003,5,17623573846819452485,0,2,27852800,1,27852805
0,27852802,1,17086000383401641255,10002,2,4941800699662217180,0,1,27852800,1,27852805
0,27852803,1,17086000383401641255,10001,6,17934555311738208515,1,0,27852800,1,27852805
0,27852804,1,17086000383401641255,10009,1,18446744073709551614,6,0,-1,3,27852801,27852802,27852803
0,27852805,1,17086000383401641255,10008,0,0,4,0,-1,0
0,27918336,1,17086000383401641255,10007,0,0,4,0,-1,1,27918340
0,27918337,1,17086000383401641255,10003,5,17623573846819452485,0,2,27918336,1,27918341
0,27918338,1,17086000383401641255,10002,2,4941800699662217180,0,1,27918336,1,27918341
0,27918339,1,17086000383401641255,10001,6,17934555311738208515,1,0,27918336,1,27918341
0,27918340,1,17086000383401641255,10009,1,18446744073709551614,6,0,-1,3,27918337,27918338,27918339
0,27918341,1,17086000383401641255,10008,0,0,4,0,-1,0
0,27983872,1,17086000383401641255,10007,0,0,4,0,-1,1,27983876
0,27983873,1,17086000383401641255,10003,5,17623573846819452485,0,2,27983872,1,27983877
0,27983874,1,17086000383401641255,10002,2,4941800699662217180,0,1,27983872,1,27983877
0,27983875,1,17086000383401641255,10001,6,17934555311738208515,1,0,27983872,1,27983877
0,27983876,1,17086000383401641255,10009,1,18446744073709551614,6,0,-1,3,27983873,27983874,27983875
0,27983877,1,17086000383401641255,10008,0,0,4,0,-1,0
0,28049408,1,17086000383401641255,10007,0,0,4,0,-1,1,28049412
0,28049409,1,17086000383401641255,10003,5,17623573846819452485,0,2,28049408,1,28049413
0,28049410,1,17086000383401641255,10002,2,4941800699662217180,0,1,28049408,1,28049413
0,28049411,1,17086000383401641255,10001,6,17934555311738208515,1,0,28049408,1,28049413
0,28049412,1,17086000383401641255,10009,1,18446744073709551614,6,0,-1,3,28049409,28049410,28049411
0,28049413,1,17086000383401641255,10008,0,0,4,0,-1,0
0,28114944,1,17086000383401641255,10007,0,0,4,0,-1,1,28114948
0,28114945,1,17086000383401641255,10003,5,17623573846819452485,0,2,28114944,1,28114949
0,28114946,1,17086000383401641255,10002,2,4941800699662217180,0,1,28114944,1,28114949
0,28114947,1,17086000383401641255,10001,6,17934555311738208515,1,0,28114944,1,28114949
0,28114948,1,17086000383401641255,10009,1,18446744073709551614,6,0,-1,3,28114945,28114946,28114947
0,28114949,1,17086000383401641255,10008,0,0,4,0,-1,0
0,28180480,1,17086000383401641255,10007,0,0,4,0,-1,1,28180484
0,28180481,1,17086000383401641255,10003,5,17623573846819452485,0,2,28180480,1,28180485
0,28180482,1,17086000383401641255,10002,2,4941800699662217180,0,1,28180480,1,28180485
0,28180483,1,17086000383401641255,10001,6,17934555311738208515,1,0,28180480,1,28180485
0,28180484,1,17086000383401641255,10009,1,18446744073709551614,6,0,-1,3,28180481,28180482,28180483
0,28180485,1,17086000383401641255,10008,0,0,4,0,-1,0
0,28246016,1,17086000383401641255,10007,0,0,4,0,-1,1,28246020
0,28246017,1,17086000383401641255,10003,5,17623573846819452485,0,2,28246016,1,28246021
0,28246018,1,17086000383401641255,10002,2,4941800699662217180,0,1,28246016,1,28246021
0,28246019,1,17086000383401641255,10001,6,17934555311738208515,1,0,28246016,1,28246021
0,28246020,1,17086000383401641255,10009,1,18446744073709551614,6,0,-1,3,28246017,28246018,28246019
0,28246021,1,17086000383401641255,10008,0,0,4,0,-1,0
0,28311552,1,17086000383401641255,10007,0,0,4,0,-1,1,28311556
0,28311553,1,17086000383401641255,10003,5,17623573846819452485,0,2,28311552,1,28311557
0,28311554,1,17086000383401641255,10002,2,4941800699662217180,0,1,28311552,1,28311557
0,28311555,1,17086000383401641255,10001,6,17934555311738208515,1,0,28311552,1,28311557
0,28311556,1,17086000383401641255,10009,1,18446744073709551614,6,0,-1,3,28311553,28311554,28311555
0,28311557,1,17086000383401641255,10008,0,0,4,0,-1,0
0,28377088,1,17086000383401641255,10007,0,0,4,0,-1,1,28377092
0,28377089,1,17086000383401641255,10003,5,17623573846819452485,0,2,28377088,1,28377093
0,28377090,1,17086000383401641255,10002,2,4941800699662217180,0,1,28377088,1,28377093
0,28377091,1,17086000383401641255,10001,6,17934555311738208515,1,0,28377088,1,28377093
0,28377092,1,17086000383401641255,10009,1,18446744073709551614,6,0,-1,3,28377089,28377090,28377091
0,28377093,1,17086000383401641255,10008,0,0,4,0,-1,0
0,28442624,1,17086000383401641255,10007,0,0,4,0,-1,1,28442628
0,28442625,1,17086000383401641255,10003,5,17623573846819452485,0,2,28442624,1,28442629
0,28442626,1,17086000383401641255,10002,2,4941800699662217180,0,1,28442624,1,28442629
0,28442627,1,17086000383401641255,10001,6,17934555311738208515,1,0,28442624,1,28442629
0,28442628,1,17086000383401641255,10009,1,18446744073709551614,6,0,-1,3,28442625,28442626,28442627
0,28442629,1,17086000383401641255,10008,0,0,4,0,-1,0
0,28508160,1,17086000383401641255,10007,0,0,4,0,-1,1,28508164
0,28508161,1,17086000383401641255,10003,5,17623573846819452485,0,2,28508160,1,28508165
0,28508162,1,17086000383401641255,10002,2,4941800699662217180,0,1,28508160,1,28508165
0,28508163,1,17086000383401641255,10001,6,17934555311738208515,1,0,28508160,1,28508165
0,28508164,1,17086000383401641255,10009,1,18446744073709551614,6,0,-1,3,28508161,28508162,28508163
0,28508165,1,17086000383401641255,10008,0,0,4,0,-1,0
0,28573696,1,17086000383401641255,10007,0,0,4,0,-1,1,28573700
0,28573697,1,17086000383401641255,10003,5,17623573846819452485,0,2,28573696,1,28573701
0,28573698,1,17086000383401641255,10002,2,4941800699662217180,0,1,28573696,1,28573701
0,28573699,1,17086000383401641255,10001,6,17934555311738208515,1,0,28573696,1,28573701
0,28573700,1,17086000383401641255,10009,1,18446744073709551614,6,0,-1,3,28573697,28573698,28573699
0,28573701,1,17086000383401641255,10008,0,0,4,0,-1,0
0,28639232,1,17086000383401641255,10007,0,0,4,0,-1,1,28639236
0,28639233,1,17086000383401641255,10003,5,17623573846819452485,0,2,28639232,1,28639237
0,28639234,1,17086000383401641255,10002,2,4941800699662217180,0,1,28639232,1,28639237
0,28639235,1,17086000383401641255,10001,6,17934555311738208515,1,0,28639232,1,28639237
0,28639236,1,17086000383401641255,10009,1,18446744073709551614,6,0,-1,3,28639233,28639234,28639235
0,28639237,1,17086000383401641255,10008,0,0,4,0,-1,0
0,28704768,1,17086000383401641255,10007,0,0,4,0,-1,1,28704772
0,28704769,1,17086000383401641255,10003,5,17623573846819452485,0,2,28704768,1,28704773
0,28704770,1,17086000383401641255,10002,2,4941800699662217180,0,1,28704768,1,28704773
0,28704771,1,17086000383401641255,10001,6,17934555311738208515,1,0,28704768,1,28704773
0,28704772,1,17086000383401641255,10009,1,18446744073709551614,6,0,-1,3,28704769,28704770,28704771
0,28704773,1,17086000383401641255,10008,0,0,4,0,-1,0
0,28770304,1,17086000383401641255,10007,0,0,4,0,-1,1,28770308
0,28770305,1,17086000383401641255,10003,5,17623573846819452485,0,2,28770304,1,28770309
0,28770306,1,17086000383401641255,10002,2,4941800699662217180,0,1,28770304,1,28770309
0,28770307,1,17086000383401641255,10001,6,17934555311738208515,1,0,28770304,1,28770309
0,28770308,1,17086000383401641255,10009,1,18446744073709551614,6,0,-1,3,28770305,28770306,28770307
0,28770309,1,17086000383401641255,10008,0,0,4,0,-1,0
0,28835840,1,17086000383401641255,10007,0,0,4,0,-1,1,28835844
0,28835841,1,17086000383401641255,10003,5,17623573846819452485,0,2,28835840,1,28835845
0,28835842,1,17086000383401641255,10002,2,4941800699662217180,0,1,28835840,1,28835845
0,28835843,1,17086000383401641255,10001,6,17934555311738208515,1,0,28835840,1,28835845
0,28835844,1,17086000383401641255,10009,1,18446744073709551614,6,0,-1,3,28835841,28835842,28835843
0,28835845,1,17086000383401641255,10008,0,0,4,0,-1,0
0,28901376,1,17086000383401641255,10007,0,0,4,0,-1,1,28901380
0,28901377,1,17086000383401641255,10003,5,17623573846819452485,0,2,28901376,1,28901381
0,28901378,1,17086000383401641255,10002,2,4941800699662217180,0,1,28901376,1,28901381
0,28901379,1,17086000383401641255,10001,6,17934555311738208515,1,0,28901376,1,28901381
0,28901380,1,17086000383401641255,10009,1,18446744073709551614,6,0,-1,3,28901377,28901378,28901379
0,28901381,1,17086000383401641255,10008,0,0,4,0,-1,0
0,28966912,1,17086000383401641255,10007,0,0,4,0,-1,1,28966916
0,28966913,1,17086000383401641255,10003,5,17623573846819452485,0,2,28966912,1,28966917
0,28966914,1,17086000383401641255,10002,2,4941800699662217180,0,1,28966912,1,28966917
0,28966915,1,17086000383401641255,10001,6,17934555311738208515,1,0,28966912,1,28966917
0,28966916,1,17086000383401641255,10009,1,18446744073709551614,6,0,-1,3,28966913,28966914,28966915
0,28966917,1,17086000383401641255,10008,0,0,4,0,-1,0
0,29032448,1,17086000383401641255,10007,0,0,4,0,-1,1,29032452
0,29032449,1,17086000383401641255,10003,5,17623573846819452485,0,2,29032448,1,29032453
0,29032450,1,17086000383401641255,10002,2,4941800699662217180,0,1,29032448,1,29032453
0,29032451,1,17086000383401641255,10001,6,17934555311738208515,1,0,29032448,1,29032453
0,29032452,1,17086000383401641255,10009,1,18446744073709551614,6,0,-1,3,29032449,29032450,29032451
0,29032453,1,17086000383401641255,10008,0,0,4,0,-1,0
0,29097984,1,17086000383401641255,10007,0,0,4,0,-1,1,29097988
0,29097985,1,17086000383401641255,10003,5,17623573846819452485,0,2,29097984,1,29097989
0,29097986,1,17086000383401641255,10002,2,4941800699662217180,0,1,29097984,1,29097989
0,29097987,1,17086000383401641255,10001,6,17934555311738208515,1,0,29097984,1,29097989
0,29097988,1,17086000383401641255,10009,1,18446744073709551614,6,0,-1,3,29097985,29097986,29097987
0,29097989,1,17086000383401641255,10008,0,0,4,0,-1,0
0,29163520,1,17086000383401641255,10007,0,0,4,0,-1,1,29163524
0,29163521,1,17086000383401641255,10003,5,17623573846819452485,0,2,29163520,1,29163525
0,29163522,1,17086000383401641255,10002,2,4941800699662217180,0,1,29163520,1,29163525
0,29163523,1,17086000383401641255,10001,6,17934555311738208515,1,0,29163520,1,29163525
0,29163524,1,17086000383401641255,10009,1,18446744073709551614,6,0,-1,3,29163521,29163522,29163523
0,29163525,1,17086000383401641255,10008,0,0,4,0,-1,0
0,29229056,1,17086000383401641255,10007,0,0,4,0,-1,1,29229060
0,29229057,1,17086000383401641255,10003,5,17623573846819452485,0,2,29229056,1,29229061
0,29229058,1,17086000383401641255,10002,2,4941800699662217180,0,1,29229056,1,29229061
0,29229059,1,17086000383401641255,10001,6,17934555311738208515,1,0,29229056,1,29229061
0,29229060,1,17086000383401641255,10009,1,18446744073709551614,6,0,-1,3,29229057,29229058,29229059
0,29229061,1,17086000383401641255,10008,0,0,4,0,-1,0
0,29294592,1,17086000383401641255,10007,0,0,4,0,-1,1,29294596
0,29294593,1,17086000383401641255,10003,5,17623573846819452485,0,2,29294592,1,29294597
0,29294594,1,17086000383401641255,10002,2,4941800699662217180,0,1,29294592,1,29294597
0,29294595,1,17086000383401641255,10001,6,17934555311738208515,1,0,29294592,1,29294597
0,29294596,1,17086000383401641255,10009,1,18446744073709551614,6,0,-1,3,29294593,29294594,29294595
0,29294597,1,17086000383401641255,10008,0,0,4,0,-1,0
0,29360128,1,17086000383401641255,10007,0,0,4,0,-1,1,29360132
0,29360129,1,17086000383401641255,10003,5,17623573846819452485,0,2,29360128,1,29360133
0,29360130,1,17086000383401641255,10002,2,4941800699662217180,0,1,29360128,1,29360133
0,29360131,1,17086000383401641255,10001,6,17934555311738208515,1,0,29360128,1,29360133
0,29360132,1,17086000383401641255,10009,1,18446744073709551614,6,0,-1,3,29360129,29360130,29360131
0,29360133,1,17086000383401641255,10008,0,0,4,0,-1,0
0,29425664,1,17086000383401641255,10007,0,0,4,0,-1,1,29425668
0,29425665,1,17086000383401641255,10003,5,17623573846819452485,0,2,29425664,1,29425669
0,29425666,1,17086000383401641255,10002,2,4941800699662217180,0,1,29425664,1,29425669
0,29425667,1,17086000383401641255,10001,6,17934555311738208515,1,0,29425664,1,29425669
0,29425668,1,17086000383401641255,10009,1,18446744073709551614,6,0,-1,3,29425665,29425666,29425667
0,29425669,1,17086000383401641255,10008,0,0,4,0,-1,0
0,29491200,1,17086000383401641255,10007,0,0,4,0,-1,1,29491204
0,29491201,1,17086000383401641255,10003,5,17623573846819452485,0,2,29491200,1,29491205
0,29491202,1,17086000383401641255,10002,2,4941800699662217180,0,1,29491200,1,29491205
0,29491203,1,17086000383401641255,10001,6,17934555311738208515,1,0,29491200,1,29491205
0,29491204,1,17086000383401641255,10009,1,18446744073709551614,6,0,-1,3,29491201,29491202,29491203
0,29491205,1,17086000383401641255,10008,0,0,4,0,-1,0
0,29556736,1,17086000383401641255,10007,0,0,4,0,-1,1,29556740
0,29556737,1,17086000383401641255,10003,5,17623573846819452485,0,2,29556736,1,29556741
0,29556738,1,17086000383401641255,10002,2,4941800699662217180,0,1,29556736,1,29556741
0,29556739,1,17086000383401641255,10001,6,17934555311738208515,1,0,29556736,1,29556741
0,29556740,1,17086000383401641255,10009,1,18446744073709551614,6,0,-1,3,29556737,29556738,29556739
0,29556741,1,17086000383401641255,10008,0,0,4,0,-1,0
0,29622272,1,17086000383401641255,10007,0,0,4,0,-1,1,29622276
0,29622273,1,17086000383401641255,10003,5,17623573846819452485,0,2,29622272,1,29622277
0,29622274,1,17086000383401641255,10002,2,4941800699662217180,0,1,29622272,1,29622277
0,29622275,1,17086000383401641255,10001,6,17934555311738208515,1,0,29622272,1,29622277
0,29622276,1,17086000383401641255,10009,1,18446744073709551614,6,0,-1,3,29622273,29622274,29622275
0,29622277,1,17086000383401641255,10008,0,0,4,0,-1,0
0,29687808,1,17086000383401641255,10007,0,0,4,0,-1,1,29687812
0,29687809,1,17086000383401641255,10003,5,17623573846819452485,0,2,29687808,1,29687813
0,29687810,1,17086000383401641255,10002,2,4941800699662217180,0,1,29687808,1,29687813
0,29687811,1,17086000383401641255,10001,6,17934555311738208515,1,0,29687808,1,29687813
0,29687812,1,17086000383401641255,10009,1,18446744073709551614,6,0,-1,3,29687809,29687810,29687811
0,29687813,1,17086000383401641255,10008,0,0,4,0,-1,0
0,29753344,1,17086000383401641255,10007,0,0,4,0,-1,1,29753348
0,29753345,1,17086000383401641255,10003,5,17623573846819452485,0,2,29753344,1,29753349
0,29753346,1,17086000383401641255,10002,2,4941800699662217180,0,1,29753344,1,29753349
0,29753347,1,17086000383401641255,10001,6,17934555311738208515,1,0,29753344,1,29753349
0,29753348,1,17086000383401641255,10009,1,18446744073709551614,6,0,-1,3,29753345,29753346,29753347
0,29753349,1,17086000383401641255,10008,0,0,4,0,-1,0
0,29818880,1,17086000383401641255,10007,0,0,4,0,-1,1,29818884
0,29818881,1,17086000383401641255,10003,5,17623573846819452485,0,2,29818880,1,29818885
0,29818882,1,17086000383401641255,10002,2,4941800699662217180,0,1,29818880,1,29818885
0,29818883,1,17086000383401641255,10001,6,17934555311738208515,1,0,29818880,1,29818885
0,29818884,1,17086000383401641255,10009,1,18446744073709551614,6,0,-1,3,29818881,29818882,29818883
0,29818885,1,17086000383401641255,10008,0,0,4,0,-1,0
0,29884416,1,17086000383401641255,10007,0,0,4,0,-1,1,29884420
0,29884417,1,17086000383401641255,10003,5,17623573846819452485,0,2,29884416,1,29884421
0,29884418,1,17086000383401641255,10002,2,4941800699662217180,0,1,29884416,1,29884421
0,29884419,1,17086000383401641255,10001,6,17934555311738208515,1,0,29884416,1,29884421
0,29884420,1,17086000383401641255,10009,1,18446744073709551614,6,0,-1,3,29884417,29884418,29884419
0,29884421,1,17086000383401641255,10008,0,0,4,0,-1,0
0,29949952,1,17086000383401641255,10007,0,0,4,0,-1,1,29949956
0,29949953,1,17086000383401641255,10003,5,17623573846819452485,0,2,29949952,1,29949957
0,29949954,1,17086000383401641255,10002,2,4941800699662217180,0,1,29949952,1,29949957
0,29949955,1,17086000383401641255,10001,6,17934555311738208515,1,0,29949952,1,29949957
0,29949956,1,17086000383401641255,10009,1,18446744073709551614,6,0,-1,3,29949953,29949954,29949955
0,29949957,1,17086000383401641255,10008,0,0,4,0,-1,0
0,30015488,1,17086000383401641255,10007,0,0,4,0,-1,1,30015492
0,30015489,1,17086000383401641255,10003,5,17623573846819452485,0,2,30015488,1,30015493
0,30015490,1,17086000383401641255,10002,2,4941800699662217180,0,1,30015488,1,30015493
0,30015491,1,17086000383401641255,10001,6,17934555311738208515,1,0,30015488,1,30015493
0,30015492,1,17086000383401641255,10009,1,18446744073709551614,6,0,-1,3,30015489,30015490,30015491
0,30015493,1,17086000383401641255,10008,0,0,4,0,-1,0
0,30081024,1,17086000383401641255,10007,0,0,4,0,-1,1,30081028
0,30081025,1,17086000383401641255,10003,5,17623573846819452485,0,2,30081024,1,30081029
0,30081026,1,17086000383401641255,10002,2,4941800699662217180,0,1,30081024,1,30081029
0,30081027,1,17086000383401641255,10001,6,17934555311738208515,1,0,30081024,1,30081029
0,30081028,1,17086000383401641255,10009,1,18446744073709551614,6,0,-1,3,30081025,30081026,30081027
0,30081029,1,17086000383401641255,10008,0,0,4,0,-1,0
0,30146560,1,17086000383401641255,10007,0,0,4,0,-1,1,30146564
0,30146561,1,17086000383401641255,10003,5,17623573846819452485,0,2,30146560,1,30146565
0,30146562,1,17086000383401641255,10002,2,4941800699662217180,0,1,30146560,1,30146565
0,30146563,1,17086000383401641255,10001,6,17934555311738208515,1,0,30146560,1,30146565
0,30146564,1,17086000383401641255,10009,1,18446744073709551614,6,0,-1,3,30146561,30146562,30146563
0,30146565,1,17086000383401641255,10008,0,0,4,0,-1,0
0,30212096,1,17086000383401641255,10007,0,0,4,0,-1,1,30212100
0,30212097,1,17086000383401641255,10003,5,17623573846819452485,0,2,30212096,1,30212101
0,30212098,1,17086000383401641255,10002,2,4941800699662217180,0,1,30212096,1,30212101
0,30212099,1,17086000383401641255,10001,6,17934555311738208515,1,0,30212096,1,30212101
0,30212100,1,17086000383401641255,10009,1,18446744073709551614,6,0,-1,3,30212097,30212098,30212099
0,30212101,1,17086000383401641255,10008,0,0,4,0,-1,0
0,30277632,1,17086000383401641255,10007,0,0,4,0,-1,1,30277636
0,30277633,1,17086000383401641255,10003,5,17623573846819452485,0,2,30277632,1,30277637
0,30277634,1,17086000383401641255,10002,2,4941800699662217180,0,1,30277632,1,30277637
0,30277635,1,17086000383401641255,10001,6,17934555311738208515,1,0,30277632,1,30277637
0,30277636,1,17086000383401641255,10009,1,18446744073709551614,6,0,-1,3,30277633,30277634,30277635
0,30277637,1,17086000383401641255,10008,0,0,4,0,-1,0
0,30343168,1,17086000383401641255,10007,0,0,4,0,-1,1,30343172
0,30343169,1,17086000383401641255,10003,5,17623573846819452485,0,2,30343168,1,30343173
0,30343170,1,17086000383401641255,10002,2,4941800699662217180,0,1,30343168,1,30343173
0,30343171,1,17086000383401641255,10001,6,17934555311738208515,1,0,30343168,1,30343173
0,30343172,1,17086000383401641255,10009,1,18446744073709551614,6,0,-1,3,30343169,30343170,30343171
0,30343173,1,17086000383401641255,10008,0,0,4,0,-1,0
0,30408704,1,17086000383401641255,10007,0,0,4,0,-1,1,30408708
0,30408705,1,17086000383401641255,10003,5,17623573846819452485,0,2,30408704,1,30408709
0,30408706,1,17086000383401641255,10002,2,4941800699662217180,0,1,30408704,1,30408709
0,30408707,1,17086000383401641255,10001,6,17934555311738208515,1,0,30408704,1,30408709
0,30408708,1,17086000383401641255,10009,1,18446744073709551614,6,0,-1,3,30408705,30408706,30408707
0,30408709,1,17086000383401641255,10008,0,0,4,0,-1,0
0,30474240,1,17086000383401641255,10007,0,0,4,0,-1,1,30474244
0,30474241,1,17086000383401641255,10003,5,17623573846819452485,0,2,30474240,1,30474245
0,30474242,1,17086000383401641255,10002,2,4941800699662217180,0,1,30474240,1,30474245
0,30474243,1,17086000383401641255,10001,6,17934555311738208515,1,0,30474240,1,30474245
0,30474244,1,17086000383401641255,10009,1,18446744073709551614,6,0,-1,3,30474241,30474242,30474243
0,30474245,1,17086000383401641255,10008,0,0,4,0,-1,0
0,30539776,1,17086000383401641255,10007,0,0,4,0,-1,1,30539780
0,30539777,1,17086000383401641255,10003,5,17623573846819452485,0,2,30539776,1,30539781
0,30539778,1,17086000383401641255,10002,2,4941800699662217180,0,1,30539776,1,30539781
0,30539779,1,17086000383401641255,10001,6,17934555311738208515,1,0,30539776,1,30539781
0,30539780,1,17086000383401641255,10009,1,18446744073709551614,6,0,-1,3,30539777,30539778,30539779
0,30539781,1,17086000383401641255,10008,0,0,4,0,-1,0
0,30605312,1,17086000383401641255,10007,0,0,4,0,-1,1,30605316
0,30605313,1,17086000383401641255,10003,5,17623573846819452485,0,2,30605312,1,30605317
0,30605314,1,17086000383401641255,10002,2,4941800699662217180,0,1,30605312,1,30605317
0,30605315,1,17086000383401641255,10001,6,17934555311738208515,1,0,30605312,1,30605317
0,30605316,1,17086000383401641255,10009,1,18446744073709551614,6,0,-1,3,30605313,30605314,30605315
0,30605317,1,17086000383401641255,10008,0,0,4,0,-1,0
0,30670848,1,17086000383401641255,10007,0,0,4,0,-1,1,30670852
0,30670849,1,17086000383401641255,10003,5,17623573846819452485,0,2,30670848,1,30670853
0,30670850,1,17086000383401641255,10002,2,4941800699662217180,0,1,30670848,1,30670853
0,30670851,1,17086000383401641255,10001,6,17934555311738208515,1,0,30670848,1,30670853
0,30670852,1,17086000383401641255,10009,1,18446744073709551614,6,0,-1,3,30670849,30670850,30670851
0,30670853,1,17086000383401641255,10008,0,0,4,0,-1,0
0,30736384,1,17086000383401641255,10007,0,0,4,0,-1,1,30736388
0,30736385,1,17086000383401641255,10003,5,17623573846819452485,0,2,30736384,1,30736389
0,30736386,1,17086000383401641255,10002,2,4941800699662217180,0,1,30736384,1,30736389
0,30736387,1,17086000383401641255,10001,6,17934555311738208515,1,0,30736384,1,30736389
0,30736388,1,17086000383401641255,10009,1,18446744073709551614,6,0,-1,3,30736385,30736386,30736387
0,30736389,1,17086000383401641255,10008,0,0,4,0,-1,0
0,30801920,1,17086000383401641255,10007,0,0,4,0,-1,1,30801924
0,30801921,1,17086000383401641255,10003,5,17623573846819452485,0,2,30801920,1,30801925
0,30801922,1,17086000383401641255,10002,2,4941800699662217180,0,1,30801920,1,30801925
0,30801923,1,17086000383401641255,10001,6,17934555311738208515,1,0,30801920,1,30801925
0,30801924,1,17086000383401641255,10009,1,18446744073709551614,6,0,-1,3,30801921,30801922,30801923
0,30801925,1,17086000383401641255,10008,0,0,4,0,-1,0
0,30867456,1,17086000383401641255,10007,0,0,4,0,-1,1,30867460
0,30867457,1,17086000383401641255,10003,5,17623573846819452485,0,2,30867456,1,30867461
0,30867458,1,17086000383401641255,10002,2,4941800699662217180,0,1,30867456,1,30867461
0,30867459,1,17086000383401641255,10001,6,17934555311738208515,1,0,30867456,1,30867461
0,30867460,1,17086000383401641255,10009,1,18446744073709551614,6,0,-1,3,30867457,30867458,30867459
0,30867461,1,17086000383401641255,10008,0,0,4,0,-1,0
0,30932992,1,17086000383401641255,10007,0,0,4,0,-1,1,30932996
0,30932993,1,17086000383401641255,10003,5,17623573846819452485,0,2,30932992,1,30932997
0,30932994,1,17086000383401641255,10002,2,4941800699662217180,0,1,30932992,1,30932997
0,30932995,1,17086000383401641255,10001,6,17934555311738208515,1,0,30932992,1,30932997
0,30932996,1,17086000383401641255,10009,1,18446744073709551614,6,0,-1,3,30932993,30932994,30932995
0,30932997,1,17086000383401641255,10008,0,0,4,0,-1,0
0,30998528,1,17086000383401641255,10007,0,0,4,0,-1,1,30998532
0,30998529,1,17086000383401641255,10003,5,17623573846819452485,0,2,30998528,1,30998533
0,30998530,1,17086000383401641255,10002,2,4941800699662217180,0,1,30998528,1,30998533
0,30998531,1,17086000383401641255,10001,6,17934555311738208515,1,0,30998528,1,30998533
0,30998532,1,17086000383401641255,10009,1,18446744073709551614,6,0,-1,3,30998529,30998530,30998531
0,30998533,1,17086000383401641255,10008,0,0,4,0,-1,0
0,31064064,1,17086000383401641255,10007,0,0,4,0,-1,1,31064068
0,31064065,1,17086000383401641255,10003,5,17623573846819452485,0,2,31064064,1,31064069
0,31064066,1,17086000383401641255,10002,2,4941800699662217180,0,1,31064064,1,31064069
0,31064067,1,17086000383401641255,10001,6,17934555311738208515,1,0,31064064,1,31064069
0,31064068,1,17086000383401641255,10009,1,18446744073709551614,6,0,-1,3,31064065,31064066,31064067
0,31064069,1,17086000383401641255,10008,0,0,4,0,-1,0
0,31129600,1,17086000383401641255,10007,0,0,4,0,-1,1,31129604
0,31129601,1,17086000383401641255,10003,5,17623573846819452485,0,2,31129600,1,31129605
0,31129602,1,17086000383401641255,10002,2,4941800699662217180,0,1,31129600,1,31129605
0,31129603,1,17086000383401641255,10001,6,17934555311738208515,1,0,31129600,1,31129605
0,31129604,1,17086000383401641255,10009,1,18446744073709551614,6,0,-1,3,31129601,31129602,31129603
0,31129605,1,17086000383401641255,10008,0,0,4,0,-1,0
0,31195136,1,17086000383401641255,10007,0,0,4,0,-1,1,31195140
0,31195137,1,17086000383401641255,10003,5,17623573846819452485,0,2,31195136,1,31195141
0,31195138,1,17086000383401641255,10002,2,4941800699662217180,0,1,31195136,1,31195141
0,31195139,1,17086000383401641255,10001,6,17934555311738208515,1,0,31195136,1,31195141
0,31195140,1,17086000383401641255,10009,1,18446744073709551614,6,0,-1,3,31195137,31195138,31195139
0,31195141,1,17086000383401641255,10008,0,0,4,0,-1,0
0,31260672,1,17086000383401641255,10007,0,0,4,0,-1,1,31260676
0,31260673,1,17086000383401641255,10003,5,17623573846819452485,0,2,31260672,1,31260677
0,31260674,1,17086000383401641255,10002,2,4941800699662217180,0,1,31260672,1,31260677
0,31260675,1,17086000383401641255,10001,6,17934555311738208515,1,0,31260672,1,31260677
0,31260676,1,17086000383401641255,10009,1,18446744073709551614,6,0,-1,3,31260673,31260674,31260675
0,31260677,1,17086000383401641255,10008,0,0,4,0,-1,0
0,31326208,1,17086000383401641255,10007,0,0,4,0,-1,1,31326212
0,31326209,1,17086000383401641255,10003,5,17623573846819452485,0,2,31326208,1,31326213
0,31326210,1,17086000383401641255,10002,2,4941800699662217180,0,1,31326208,1,31326213
0,31326211,1,17086000383401641255,10001,6,17934555311738208515,1,0,31326208,1,31326213
0,31326212,1,17086000383401641255,10009,1,18446744073709551614,6,0,-1,3,31326209,31326210,31326211
0,31326213,1,17086000383401641255,10008,0,0,4,0,-1,0
0,31391744,1,17086000383401641255,10007,0,0,4,0,-1,1,31391748
0,31391745,1,17086000383401641255,10003,5,17623573846819452485,0,2,31391744,1,31391749
0,31391746,1,17086000383401641255,10002,2,4941800699662217180,0,1,31391744,1,31391749
0,31391747,1,17086000383401641255,10001,6,17934555311738208515,1,0,31391744,1,31391749
0,31391748,1,17086000383401641255,10009,1,18446744073709551614,6,0,-1,3,31391745,31391746,31391747
0,31391749,1,17086000383401641255,10008,0,0,4,0,-1,0
0,31457280,1,17086000383401641255,10007,0,0,4,0,-1,1,31457284
0,31457281,1,17086000383401641255,10003,5,17623573846819452485,0,2,31457280,1,31457285
0,31457282,1,17086000383401641255,10002,2,4941800699662217180,0,1,31457280,1,31457285
0,31457283,1,17086000383401641255,10001,6,17934555311738208515,1,0,31457280,1,31457285
0,31457284,1,17086000383401641255,10009,1,18446744073709551614,6,0,-1,3,31457281,31457282,31457283
0,31457285,1,17086000383401641255,10008,0,0,4,0,-1,0
0,31522816,1,17086000383401641255,10007,0,0,4,0,-1,1,31522820
0,31522817,1,17086000383401641255,10003,5,17623573846819452485,0,2,31522816,1,31522821
0,31522818,1,17086000383401641255,10002,2,4941800699662217180,0,1,31522816,1,31522821
0,31522819,1,17086000383401641255,10001,6,17934555311738208515,1,0,31522816,1,31522821
0,31522820,1,17086000383401641255,10009,1,18446744073709551614,6,0,-1,3,31522817,31522818,31522819
0,31522821,1,17086000383401641255,10008,0,0,4,0,-1,0
0,31588352,1,17086000383401641255,10007,0,0,4,0,-1,1,31588356
0,31588353,1,17086000383401641255,10003,5,17623573846819452485,0,2,31588352,1,31588357
0,31588354,1,17086000383401641255,10002,2,4941800699662217180,0,1,31588352,1,31588357
0,31588355,1,17086000383401641255,10001,6,17934555311738208515,1,0,31588352,1,31588357
0,31588356,1,17086000383401641255,10009,1,18446744073709551614,6,0,-1,3,31588353,31588354,31588355
0,31588357,1,17086000383401641255,10008,0,0,4,0,-1,0
0,31653888,1,17086000383401641255,10007,0,0,4,0,-1,1,31653892
0,31653889,1,17086000383401641255,10003,5,17623573846819452485,0,2,31653888,1,31653893
0,31653890,1,17086000383401641255,10002,2,4941800699662217180,0,1,31653888,1,31653893
0,31653891,1,17086000383401641255,10001,6,17934555311738208515,1,0,31653888,1,31653893
0,31653892,1,17086000383401641255,10009,1,18446744073709551614,6,0,-1,3,31653889,31653890,31653891
0,31653893,1,17086000383401641255,10008,0,0,4,0,-1,0
0,31719424,1,17086000383401641255,10007,0,0,4,0,-1,1,31719428
0,31719425,1,17086000383401641255,10003,5,17623573846819452485,0,2,31719424,1,31719429
0,31719426,1,17086000383401641255,10002,2,4941800699662217180,0,1,31719424,1,31719429
0,31719427,1,17086000383401641255,10001,6,17934555311738208515,1,0,31719424,1,31719429
0,31719428,1,17086000383401641255,10009,1,18446744073709551614,6,0,-1,3,31719425,31719426,31719427
0,31719429,1,17086000383401641255,10008,0,0,4,0,-1,0
0,31784960,1,17086000383401641255,10007,0,0,4,0,-1,1,31784964
0,31784961,1,17086000383401641255,10003,5,17623573846819452485,0,2,31784960,1,31784965
0,31784962,1,17086000383401641255,10002,2,4941800699662217180,0,1,31784960,1,31784965
0,31784963,1,17086000383401641255,10001,6,17934555311738208515,1,0,31784960,1,31784965
0,31784964,1,17086000383401641255,10009,1,18446744073709551614,6,0,-1,3,31784961,31784962,31784963
0,31784965,1,17086000383401641255,10008,0,0,4,0,-1,0
0,31850496,1,17086000383401641255,10007,0,0,4,0,-1,1,31850500
0,31850497,1,17086000383401641255,10003,5,17623573846819452485,0,2,31850496,1,31850501
0,31850498,1,17086000383401641255,10002,2,4941800699662217180,0,1,31850496,1,31850501
0,31850499,1,17086000383401641255,10001,6,17934555311738208515,1,0,31850496,1,31850501
0,31850500,1,17086000383401641255,10009,1,18446744073709551614,6,0,-1,3,31850497,31850498,31850499
0,31850501,1,17086000383401641255,10008,0,0,4,0,-1,0
0,31916032,1,17086000383401641255,10007,0,0,4,0,-1,1,31916036
0,31916033,1,17086000383401641255,10003,5,17623573846819452485,0,2,31916032,1,31916037
0,31916034,1,17086000383401641255,10002,2,4941800699662217180,0,1,31916032,1,31916037
0,31916035,1,17086000383401641255,10001,6,17934555311738208515,1,0,31916032,1,31916037
0,31916036,1,17086000383401641255,10009,1,18446744073709551614,6,0,-1,3,31916033,31916034,31916035
0,31916037,1,17086000383401641255,10008,0,0,4,0,-1,0
0,31981568,1,17086000383401641255,10007,0,0,4,0,-1,1,31981572
0,31981569,1,17086000383401641255,10003,5,17623573846819452485,0,2,31981568,1,31981573
0,31981570,1,17086000383401641255,10002,2,4941800699662217180,0,1,31981568,1,31981573
0,31981571,1,17086000383401641255,10001,6,17934555311738208515,1,0,31981568,1,31981573
0,31981572,1,17086000383401641255,10009,1,18446744073709551614,6,0,-1,3,31981569,31981570,31981571
0,31981573,1,17086000383401641255,10008,0,0,4,0,-1,0
0,32047104,1,17086000383401641255,10007,0,0,4,0,-1,1,32047108
0,32047105,1,17086000383401641255,10003,5,17623573846819452485,0,2,32047104,1,32047109
0,32047106,1,17086000383401641255,10002,2,4941800699662217180,0,1,32047104,1,32047109
0,32047107,1,17086000383401641255,10001,6,17934555311738208515,1,0,32047104,1,32047109
0,32047108,1,17086000383401641255,10009,1,18446744073709551614,6,0,-1,3,32047105,32047106,32047107
0,32047109,1,17086000383401641255,10008,0,0,4,0,-1,0
0,32112640,1,17086000383401641255,10007,0,0,4,0,-1,1,32112644
0,32112641,1,17086000383401641255,10003,5,17623573846819452485,0,2,32112640,1,32112645
0,32112642,1,17086000383401641255,10002,2,4941800699662217180,0,1,32112640,1,32112645
0,32112643,1,17086000383401641255,10001,6,17934555311738208515,1,0,32112640,1,32112645
0,32112644,1,17086000383401641255,10009,1,18446744073709551614,6,0,-1,3,32112641,32112642,32112643
0,32112645,1,17086000383401641255,10008,0,0,4,0,-1,0
0,32178176,1,17086000383401641255,10007,0,0,4,0,-1,1,32178180
0,32178177,1,17086000383401641255,10003,5,17623573846819452485,0,2,32178176,1,32178181
0,32178178,1,17086000383401641255,10002,2,4941800699662217180,0,1,32178176,1,32178181
0,32178179,1,17086000383401641255,10001,6,17934555311738208515,1,0,32178176,1,32178181
0,32178180,1,17086000383401641255,10009,1,18446744073709551614,6,0,-1,3,32178177,32178178,32178179
0,32178181,1,17086000383401641255,10008,0,0,4,0,-1,0
0,32243712,1,17086000383401641255,10007,0,0,4,0,-1,1,32243716
0,32243713,1,17086000383401641255,10003,5,17623573846819452485,0,2,32243712,1,32243717
0,32243714,1,17086000383401641255,10002,2,4941800699662217180,0,1,32243712,1,32243717
0,32243715,1,17086000383401641255,10001,6,17934555311738208515,1,0,32243712,1,32243717
0,32243716,1,17086000383401641255,10009,1,18446744073709551614,6,0,-1,3,32243713,32243714,32243715
0,32243717,1,17086000383401641255,10008,0,0,4,0,-1,0
0,32309248,1,17086000383401641255,10007,0,0,4,0,-1,1,32309252
0,32309249,1,17086000383401641255,10003,5,17623573846819452485,0,2,32309248,1,32309253
0,32309250,1,17086000383401641255,10002,2,4941800699662217180,0,1,32309248,1,32309253
0,32309251,1,17086000383401641255,10001,6,17934555311738208515,1,0,32309248,1,32309253
0,32309252,1,17086000383401641255,10009,1,18446744073709551614,6,0,-1,3,32309249,32309250,32309251
0,32309253,1,17086000383401641255,10008,0,0,4,0,-1,0
0,32374784,1,17086000383401641255,10007,0,0,4,0,-1,1,32374788
0,32374785,1,17086000383401641255,10003,5,17623573846819452485,0,2,32374784,1,32374789
0,32374786,1,17086000383401641255,10002,2,4941800699662217180,0,1,32374784,1,32374789
0,32374787,1,17086000383401641255,10001,6,17934555311738208515,1,0,32374784,1,32374789
0,32374788,1,17086000383401641255,10009,1,18446744073709551614,6,0,-1,3,32374785,32374786,32374787
0,32374789,1,17086000383401641255,10008,0,0,4,0,-1,0
0,32440320,1,17086000383401641255,10007,0,0,4,0,-1,1,32440324
0,32440321,1,17086000383401641255,10003,5,17623573846819452485,0,2,32440320,1,32440325
0,32440322,1,17086000383401641255,10002,2,4941800699662217180,0,1,32440320,1,32440325
0,32440323,1,17086000383401641255,10001,6,17934555311738208515,1,0,32440320,1,32440325
0,32440324,1,17086000383401641255,10009,1,18446744073709551614,6,0,-1,3,32440321,32440322,32440323
0,32440325,1,17086000383401641255,10008,0,0,4,0,-1,0
0,32505856,1,17086000383401641255,10007,0,0,4,0,-1,1,32505860
0,32505857,1,17086000383401641255,10003,5,17623573846819452485,0,2,32505856,1,32505861
0,32505858,1,17086000383401641255,10002,2,4941800699662217180,0,1,32505856,1,32505861
0,32505859,1,17086000383401641255,10001,6,17934555311738208515,1,0,32505856,1,32505861
0,32505860,1,17086000383401641255,10009,1,18446744073709551614,6,0,-1,3,32505857,32505858,32505859
0,32505861,1,17086000383401641255,10008,0,0,4,0,-1,0
0,32571392,1,17086000383401641255,10007,0,0,4,0,-1,1,32571396
0,32571393,1,17086000383401641255,10003,5,17623573846819452485,0,2,32571392,1,32571397
0,32571394,1,17086000383401641255,10002,2,4941800699662217180,0,1,32571392,1,32571397
0,32571395,1,17086000383401641255,10001,6,17934555311738208515,1,0,32571392,1,32571397
0,32571396,1,17086000383401641255,10009,1,18446744073709551614,6,0,-1,3,32571393,32571394,32571395
0,32571397,1,17086000383401641255,10008,0,0,4,0,-1,0
0,32636928,1,17086000383401641255,10007,0,0,4,0,-1,1,32636932
0,32636929,1,17086000383401641255,10003,5,17623573846819452485,0,2,32636928,1,32636933
0,32636930,1,17086000383401641255,10002,2,4941800699662217180,0,1,32636928,1,32636933
0,32636931,1,17086000383401641255,10001,6,17934555311738208515,1,0,32636928,1,32636933
0,32636932,1,17086000383401641255,10009,1,18446744073709551614,6,0,-1,3,32636929,32636930,32636931
0,32636933,1,17086000383401641255,10008,0,0,4,0,-1,0
0,32702464,1,17086000383401641255,10007,0,0,4,0,-1,1,32702468
0,32702465,1,17086000383401641255,10003,5,17623573846819452485,0,2,32702464,1,32702469
0,32702466,1,17086000383401641255,10002,2,4941800699662217180,0,1,32702464,1,32702469
0,32702467,1,17086000383401641255,10001,6,17934555311738208515,1,0,32702464,1,32702469
0,32702468,1,17086000383401641255,10009,1,18446744073709551614,6,0,-1,3,32702465,32702466,32702467
0,32702469,1,17086000383401641255,10008,0,0,4,0,-1,0
0,32768000,1,17086000383401641255,10007,0,0,4,0,-1,1,32768004
0,32768001,1,17086000383401641255,10003,5,17623573846819452485,0,2,32768000,1,32768005
0,32768002,1,17086000383401641255,10002,2,4941800699662217180,0,1,32768000,1,32768005
0,32768003,1,17086000383401641255,10001,6,17934555311738208515,1,0,32768000,1,32768005
0,32768004,1,17086000383401641255,10009,1,18446744073709551614,6,0,-1,3,32768001,32768002,32768003
0,32768005,1,17086000383401641255,10008,0,0,4,0,-1,0
0,32833536,1,17086000383401641255,10007,0,0,4,0,-1,1,32833540
0,32833537,1,17086000383401641255,10003,5,17623573846819452485,0,2,32833536,1,32833541
0,32833538,1,17086000383401641255,10002,2,4941800699662217180,0,1,32833536,1,32833541
0,32833539,1,17086000383401641255,10001,6,17934555311738208515,1,0,32833536,1,32833541
0,32833540,1,17086000383401641255,10009,1,18446744073709551614,6,0,-1,3,32833537,32833538,32833539
0,32833541,1,17086000383401641255,10008,0,0,4,0,-1,0
0,32899072,1,17086000383401641255,10007,0,0,4,0,-1,1,32899076
0,32899073,1,17086000383401641255,10003,5,17623573846819452485,0,2,32899072,1,32899077
0,32899074,1,17086000383401641255,10002,2,4941800699662217180,0,1,32899072,1,32899077
0,32899075,1,17086000383401641255,10001,6,17934555311738208515,1,0,32899072,1,32899077
0,32899076,1,17086000383401641255,10009,1,18446744073709551614,6,0,-1,3,32899073,32899074,32899075
0,32899077,1,17086000383401641255,10008,0,0,4,0,-1,0
0,32964608,1,17086000383401641255,10007,0,0,4,0,-1,1,32964612
0,32964609,1,17086000383401641255,10003,5,17623573846819452485,0,2,32964608,1,32964613
0,32964610,1,17086000383401641255,10002,2,4941800699662217180,0,1,32964608,1,32964613
0,32964611,1,17086000383401641255,10001,6,17934555311738208515,1,0,32964608,1,32964613
0,32964612,1,17086000383401641255,10009,1,18446744073709551614,6,0,-1,3,32964609,32964610,32964611
0,32964613,1,17086000383401641255,10008,0,0,4,0,-1,0
0,33030144,1,17086000383401641255,10007,0,0,4,0,-1,1,33030148
0,33030145,1,17086000383401641255,10003,5,17623573846819452485,0,2,33030144,1,33030149
0,33030146,1,17086000383401641255,10002,2,4941800699662217180,0,1,33030144,1,33030149
0,33030147,1,17086000383401641255,10001,6,17934555311738208515,1,0,33030144,1,33030149
0,33030148,1,17086000383401641255,10009,1,18446744073709551614,6,0,-1,3,33030145,33030146,33030147
0,33030149,1,17086000383401641255,10008,0,0,4,0,-1,0
0,33095680,1,17086000383401641255,10007,0,0,4,0,-1,1,33095684
0,33095681,1,17086000383401641255,10003,5,17623573846819452485,0,2,33095680,1,33095685
0,33095682,1,17086000383401641255,10002,2,4941800699662217180,0,1,33095680,1,33095685
0,33095683,1,17086000383401641255,10001,6,17934555311738208515,1,0,33095680,1,33095685
0,33095684,1,17086000383401641255,10009,1,18446744073709551614,6,0,-1,3,33095681,33095682,33095683
0,33095685,1,17086000383401641255,10008,0,0,4,0,-1,0
0,33161216,1,17086000383401641255,10007,0,0,4,0,-1,1,33161220
0,33161217,1,17086000383401641255,10003,5,17623573846819452485,0,2,33161216,1,33161221
0,33161218,1,17086000383401641255,10002,2,4941800699662217180,0,1,33161216,1,33161221
0,33161219,1,17086000383401641255,10001,6,17934555311738208515,1,0,33161216,1,33161221
0,33161220,1,17086000383401641255,10009,1,18446744073709551614,6,0,-1,3,33161217,33161218,33161219
0,33161221,1,17086000383401641255,10008,0,0,4,0,-1,0
0,33226752,1,17086000383401641255,10007,0,0,4,0,-1,1,33226756
0,33226753,1,17086000383401641255,10003,5,17623573846819452485,0,2,33226752,1,33226757
0,33226754,1,17086000383401641255,10002,2,4941800699662217180,0,1,33226752,1,33226757
0,33226755,1,17086000383401641255,10001,6,17934555311738208515,1,0,33226752,1,33226757
0,33226756,1,17086000383401641255,10009,1,18446744073709551614,6,0,-1,3,33226753,33226754,33226755
0,33226757,1,17086000383401641255,10008,0,0,4,0,-1,0
0,33292288,1,17086000383401641255,10007,0,0,4,0,-1,1,33292292
0,33292289,1,17086000383401641255,10003,5,17623573846819452485,0,2,33292288,1,33292293
0,33292290,1,17086000383401641255,10002,2,4941800699662217180,0,1,33292288,1,33292293
0,33292291,1,17086000383401641255,10001,6,17934555311738208515,1,0,33292288,1,33292293
0,33292292,1,17086000383401641255,10009,1,18446744073709551614,6,0,-1,3,33292289,33292290,33292291
0,33292293,1,17086000383401641255,10008,0,0,4,0,-1,0
0,33357824,1,17086000383401641255,10007,0,0,4,0,-1,1,33357828
0,33357825,1,17086000383401641255,10003,5,17623573846819452485,0,2,33357824,1,33357829
0,33357826,1,17086000383401641255,10002,2,4941800699662217180,0,1,33357824,1,33357829
0,33357827,1,17086000383401641255,10001,6,17934555311738208515,1,0,33357824,1,33357829
0,33357828,1,17086000383401641255,10009,1,18446744073709551614,6,0,-1,3,33357825,33357826,33357827
0,33357829,1,17086000383401641255,10008,0,0,4,0,-1,0
0,33423360,1,17086000383401641255,10007,0,0,4,0,-1,1,33423364
0,33423361,1,17086000383401641255,10003,5,17623573846819452485,0,2,33423360,1,33423365
0,33423362,1,17086000383401641255,10002,2,4941800699662217180,0,1,33423360,1,33423365
0,33423363,1,17086000383401641255,10001,6,17934555311738208515,1,0,33423360,1,33423365
0,33423364,1,17086000383401641255,10009,1,18446744073709551614,6,0,-1,3,33423361,33423362,33423363
0,33423365,1,17086000383401641255,10008,0,0,4,0,-1,0
0,33488896,1,17086000383401641255,10007,0,0,4,0,-1,1,33488900
0,33488897,1,17086000383401641255,10003,5,17623573846819452485,0,2,33488896,1,33488901
0,33488898,1,17086000383401641255,10002,2,4941800699662217180,0,1,33488896,1,33488901
0,33488899,1,17086000383401641255,10001,6,17934555311738208515,1,0,33488896,1,33488901
0,33488900,1,17086000383401641255,10009,1,18446744073709551614,6,0,-1,3,33488897,33488898,33488899
0,33488901,1,17086000383401641255,10008,0,0,4,0,-1,0
0,33554432,1,17086000383401641255,10007,0,0,4,0,-1,1,33554436
0,33554433,1,17086000383401641255,10003,5,17623573846819452485,0,2,33554432,1,33554437
0,33554434,1,17086000383401641255,10002,2,4941800699662217180,0,1,33554432,1,33554437
0,33554435,1,17086000383401641255,10001,6,17934555311738208515,1,0,33554432,1,33554437
0,33554436,1,17086000383401641255,10009,1,18446744073709551614,6,0,-1,3,33554433,33554434,33554435
0,33554437,1,17086000383401641255,10008,0,0,4,0,-1,0
